id,Depth(m),Temperatur(degrees C),Salinity,Oxygen(umol/kg),pH,DO_mgL,QualityLevel
1,0,23.8058,34.6166,212.9,7.9316,6.8128,3
2,11.62,23.8044,34.6166,212.3,8.0877,6.7936,3
3,22.05,23.8117,34.6166,212.5,8.0876,6.8,3
4,31.59,23.8034,34.6166,212.2,8.089,6.7904,3
5,50.06,23.4602,34.6166,211,8.0798,6.752,3
6,75.18,22.9201,34.6166,212.7,8.0744,6.8064,3
7,100.11,21.6927,34.6166,216.6,8.0638,6.9312,3
8,126.81,21.0274,34.6166,219.2,8.0577,7.0144,3
9,152.23,20.9139,34.6166,215.9,8.0511,6.9088,3
10,155.6,20.815,34.6166,209.3,8.0377,6.6976,3
11,200.26,19.5045,34.6166,187.3,7.9748,5.9936,3
12,255.33,18.212,34.6166,186.7,7.9437,5.9744,3
13,305.53,16.7291,34.6166,186.4,7.9106,5.9648,2
14,401.42,14.6512,34.6166,175.7,7.8446,5.6224,2
15,500.25,11.8762,34.6166,163.4,7.7482,5.2288,2
16,597.04,9.0988,34.6166,131.8,7.6352,4.2176,1
17,693.09,7.1109,34.6166,103.8,7.5424,3.3216,1
18,697.05,6.8794,34.6166,101.4,7.5347,3.2448,1
19,743.28,6.3806,34.6166,94.4,7.5136,3.0208,1
20,0,23.9385,34.6166,211.1,7.9316,6.7552,3
21,10.63,23.9477,34.7794,211,8.09,6.752,3
22,21.65,23.9447,34.6166,210.9,8.0869,6.7488,3
23,31.49,23.9588,34.6166,210.9,8.0918,6.7488,3
24,49.16,23.9645,34.6166,211,8.0851,6.752,3
25,75.68,23.9738,34.6166,210.8,8.0835,6.7456,3
26,98.52,23.9748,34.7792,211,8.0831,6.752,3
27,123.93,23.3798,34.6166,202,8.0538,6.464,3
28,149.24,23.2155,34.6166,202.4,8.0579,6.4768,3
29,199.07,20.8722,34.7621,188.8,7.9969,6.0416,3
30,200.56,20.7255,34.7619,188.9,7.9947,6.0448,3
31,248.88,18.2541,34.6166,181.1,7.9339,5.7952,3
32,301.65,15.9842,34.6385,177.5,7.8836,5.68,2
33,401.12,12.4251,34.4211,166.4,7.7884,5.3248,2
34,501.03,10.19,34.6166,146.1,7.6998,4.6752,2
35,601.38,7.8378,34.3158,114,7.6142,3.648,1
36,699.21,6.2392,34.6166,93.2,7.5555,2.9824,0
37,797.1,5.6284,34.3604,86.8,7.5318,2.7776,0
38,798.09,5.6211,34.3604,86,7.5309,2.752,0
39,895.43,4.923,34.6166,78.9,7.5233,2.5248,0
40,0,24.0253,34.6166,212.5,7.9316,6.8,2
41,11.82,23.9214,34.764,212.7,8.0841,6.8064,3
42,26.83,23.8987,34.6166,214.1,8.0841,6.8512,3
43,50.97,23.9427,34.6166,212.4,8.0845,6.7968,3
44,76.79,23.9513,34.6166,213.2,8.0817,6.8224,3
45,101.02,23.3089,34.7678,210.2,8.0694,6.7264,3
46,126.84,21.9277,34.6166,213,8.0523,6.816,3
47,150.28,21.3944,34.6166,198,8.0194,6.336,3
48,200.81,20.2128,34.7438,201.9,8.0046,6.4608,3
49,251.32,18.6749,34.6166,190.1,7.9606,6.0832,3
50,252.71,18.6418,34.6166,190.1,7.9316,6.0832,3
51,300.24,17.4837,34.6166,190,7.9305,6.08,2
52,401.91,15.0679,34.5934,183.3,7.8651,5.8656,2
53,501.25,12.3797,34.6166,173.5,7.7777,5.552,2
54,599.65,9.2431,34.2435,142,7.6424,4.544,1
55,701.08,6.7089,34.6166,107.5,7.515,3.44,1
56,801.36,5.8177,34.2522,85.1,7.4708,2.7232,0
57,901.6,4.8077,34.6166,70.2,7.4271,2.2464,0
58,1001.98,3.915,34.3901,64.9,7.4184,2.0768,0
59,1003.96,3.8998,34.6166,64.3,7.9316,2.0576,0
60,1202.51,3.1199,34.461,67.5,7.4181,2.16,0
61,1402.75,2.6224,34.6166,80.8,7.4448,2.5856,0
62,1602.31,2.331,34.5603,92.5,7.4698,2.96,0
63,1804.34,2.0906,34.6166,106.8,7.4986,3.4176,1
64,2003.52,1.9603,34.6188,116,7.5217,3.712,1
65,0,26.2309,34.6166,206.2,7.9316,6.5984,2
66,11.13,26.2415,34.6166,204.5,8.0872,6.544,2
67,21.75,26.2386,34.6166,207.2,8.1006,6.6304,2
68,30.69,26.0802,34.6166,205.8,8.0911,6.5856,2
69,50.56,25.0581,34.6166,207.6,8.0872,6.6432,2
70,76.08,23.9164,34.6166,197.3,8.0487,6.3136,3
71,100.7,22.9633,34.6166,203.5,8.0526,6.512,3
72,124.43,21.9902,34.6166,199.8,8.0255,6.3936,3
73,152.03,21.2104,34.6166,208.8,8.0337,6.6816,3
74,202.45,20.2564,34.6166,195.8,7.9978,6.2656,3
75,251.47,18.6177,34.6166,187.4,7.9534,5.9968,3
76,301.66,17.2704,34.6166,183.9,7.9193,5.8848,2
77,402.32,14.6443,34.6166,175.9,7.854,5.6288,2
78,501.63,11.5887,34.6166,154.5,7.7337,4.944,2
79,601.89,8.9034,34.6166,127.7,7.6547,4.0864,1
80,700.42,7.004,34.6166,102.9,7.5395,3.2928,1
81,749.32,6.4033,34.6166,95.6,7.5613,3.0592,1
82,750.11,6.3753,34.6166,97.1,7.4906,3.1072,1
83,750.21,6.3784,34.6166,96.1,7.5118,3.0752,1
84,0,28.5163,34.6166,190.9,7.9316,6.1088,2
85,11.72,28.5159,34.8134,199.6,8.12,6.3872,2
86,26.33,28.5049,34.6166,200.1,8.1212,6.4032,2
87,51.66,25.807,34.6166,209,8.1022,6.688,2
88,75.8,23.8837,34.6166,201.8,8.0652,6.4576,3
89,101.02,22.526,34.797,200.8,8.0443,6.4256,3
90,124.06,21.9092,34.6166,181.4,7.9945,5.8048,3
91,151.67,20.5499,34.6166,187.3,7.987,5.9936,3
92,200.61,19.2667,34.779,190.9,7.9746,6.1088,3
93,249.93,18.1327,34.6166,192.8,7.95,6.1696,3
94,250.43,18.1298,34.6166,192.3,7.9502,6.1536,3
95,300.64,17.1645,34.6166,192,7.925,6.144,2
96,400.82,14.7801,34.57,183.9,7.8548,5.8848,2
97,500.85,12.1936,34.6166,174.1,7.7662,5.5712,2
98,601.34,9.0707,34.1856,152,7.6457,4.864,1
99,702.16,7.2319,34.6166,123.3,7.5429,3.9456,1
100,801.95,6.0555,34.2084,93.3,7.4807,2.9856,0
101,899.91,4.7947,34.6166,70.6,7.4192,2.2592,0
102,1000.4,4.0325,34.3532,62.2,7.4014,1.9904,0
103,1001.09,4.0251,34.6166,62.8,7.3996,2.0096,0
104,1251.8,3.145,34.4728,69.2,7.4191,2.2144,0
105,1502.4,2.5648,34.5341,83.6,7.4425,2.6752,0
106,1749.56,2.2036,34.5944,102.3,7.4779,3.2736,1
107,2001.54,1.9788,34.6169,115.6,7.5082,3.6992,1
108,0,23.2502,34.6166,209.1,7.9316,6.6912,3
109,12.12,23.2654,34.6166,208.9,8.0821,6.6848,3
110,20.96,23.2709,34.6166,208.8,8.0783,6.6816,3
111,31.59,23.2766,34.6166,209.1,8.0793,6.6912,3
112,55.72,23.2433,34.6166,208.6,8.0741,6.6752,3
113,75.68,23.2314,34.6166,208,8.0775,6.656,3
114,102.29,23.0356,34.6166,198.3,8.0413,6.3456,3
115,128.7,22.5928,34.6166,196.5,8.0377,6.288,3
116,150.84,20.8848,34.6166,193.5,8.0046,6.192,3
117,200.86,19.2066,34.6166,188.1,7.9616,6.0192,3
118,252.75,18.1169,34.6166,189.8,7.9454,6.0736,3
119,301.26,17.2945,34.6166,187.7,7.9192,6.0064,2
120,399.94,14.6994,34.6166,178.2,7.8433,5.7024,2
121,499.75,11.2794,34.6166,157.9,7.7213,5.0528,2
122,601.4,8.9367,34.6166,132.8,7.6191,4.2496,1
123,701.01,6.7497,34.6166,100.5,7.5185,3.216,1
124,801.77,5.5743,34.6166,84.8,7.473,2.7136,0
125,825.32,5.3626,34.6166,82.8,7.469,2.6496,0
126,0,23.8964,34.6166,209.5,7.9316,6.704,3
127,10.73,23.8977,34.6166,210.7,8.0887,6.7424,3
128,26.13,23.9122,34.6166,210.2,8.0908,6.7264,3
129,50.57,23.844,34.6166,210.4,8.0864,6.7328,3
130,75.6,23.5555,34.6166,211.3,8.0801,6.7616,3
131,99.73,23.3044,34.6166,208.9,8.0645,6.6848,3
132,125.95,21.5591,34.6166,202.9,8.0326,6.4928,3
133,152.26,20.4362,34.6166,202.7,8.0121,6.4864,3
134,202.49,19.2953,34.6166,205.3,7.9948,6.5696,3
135,252.52,18.4917,34.6166,200.2,7.9764,6.4064,3
136,303.81,17.8369,34.6166,194.4,7.9533,6.2208,2
137,403.8,15.2785,34.6166,187.2,7.8735,5.9904,2
138,505.12,11.9581,34.6166,175.9,7.7714,5.6288,2
139,604.21,9.5457,34.6166,157.7,7.664,5.0464,2
140,704.44,6.8093,34.6166,118.6,7.5335,3.7952,1
141,802.75,5.2701,34.6166,82.4,7.4337,2.6368,0
142,902.09,4.7858,34.6166,69.7,7.4139,2.2304,0
143,1004.46,4.1184,34.6166,60.5,7.4015,1.936,0
144,1203.01,3.3033,34.6166,61.1,7.3987,1.9552,0
145,1400.98,2.7193,34.6166,75.9,7.4297,2.4288,0
146,1598.37,2.378,34.6166,91.5,7.46,2.928,0
147,1798.23,2.1906,34.6166,101.8,7.4764,3.2576,1
148,2008.34,2.0145,34.6166,113,7.4974,3.616,1
149,0,22.0265,34.6166,212,7.9316,6.784,3
150,9.93,22.0342,34.6588,210.8,8.0473,6.7456,3
151,20.16,22.0471,34.6593,211,8.0442,6.752,3
152,30.3,22.041,34.6592,211,8.05,6.752,3
153,50.26,22.0526,34.663,210.6,8.0512,6.7392,3
154,74.79,22.0446,34.6636,210.7,8.0518,6.7424,3
155,100.4,22.007,34.6166,210.9,8.0379,6.7488,3
156,125.62,21.9642,34.6717,210,8.0474,6.72,3
157,150.74,21.3228,34.7912,191.2,7.9998,6.1184,3
158,200.07,19.2551,34.7184,179.7,7.9393,5.7504,3
159,250.67,18.3962,34.6166,187.8,7.9478,6.0096,3
160,299.58,16.9745,34.6861,182.6,7.9061,5.8432,2
161,400.93,14.2537,34.5303,173.1,7.8375,5.5392,2
162,499.95,11.7887,34.3967,154.3,7.7513,4.9376,2
163,599.81,9.0992,34.3161,132.1,7.6845,4.2272,1
164,700.52,7.3716,34.3153,108.9,7.6192,3.4848,1
165,800.09,5.6454,34.3335,85.7,7.5658,2.7424,0
166,859.75,5.1396,34.3647,80.9,7.5512,2.5888,0
167,0,21.239,34.6166,219.7,7.9316,7.0304,3
168,10.23,21.2432,34.7896,218.1,8.0592,6.9792,3
169,24.94,21.2555,34.7898,218.1,8.0477,6.9792,3
170,49.77,21.2617,34.7898,218.6,8.049,6.9952,3
171,75.1,21.2692,34.7927,336.6,8.0523,10.7712,3
172,99.73,21.2684,34.7905,218.1,8.0527,6.9792,3
173,125.35,21.2584,34.793,217.8,8.0539,6.9696,3
174,149.98,19.4647,34.7383,199.6,7.9804,6.3872,3
175,199.42,18.5693,34.7272,200.3,7.9606,6.4096,3
176,251.23,17.6502,34.7267,193.6,7.9386,6.1952,2
177,300.44,16.8655,34.6968,191.2,7.9148,6.1184,2
178,399.73,14.5919,34.5573,184.4,7.8506,5.9008,2
179,500.66,11.4008,34.352,166.2,7.7283,5.3184,2
180,602.13,7.9398,34.2172,126.8,7.5843,4.0576,1
181,701.18,6.2506,34.2113,99.6,7.4912,3.1872,1
182,801.16,5.2422,34.2722,78.6,7.4517,2.5152,0
183,901.3,4.4036,34.3276,66.8,7.4169,2.1376,0
184,1002.97,3.756,34.3713,59.5,7.3996,1.904,0
185,1200.44,3.0404,34.4656,67.1,7.4164,2.1472,0
186,1400.78,2.6242,34.5235,81,7.4408,2.592,0
187,1602.31,2.2988,34.5663,94.6,7.467,3.0272,1
188,1800.2,2.0742,34.5994,108.1,7.4908,3.4592,1
189,1998.2,1.9337,34.6182,117.1,7.5054,3.7472,1
190,0,29.2454,34.6166,196,7.9316,6.272,2
191,11.22,29.2446,34.2079,274.4,8.1083,8.7808,2
192,21.46,29.0618,34.6166,197.3,8.1102,6.3136,2
193,30.79,27.8812,34.6166,205,8.1049,6.56,2
194,51.95,26.182,34.6166,204.4,8.0906,6.5408,2
195,76.57,25.0437,34.6166,199,8.0743,6.368,2
196,99.81,24.0906,34.7744,194.2,8.0494,6.2144,2
197,125.32,22.6063,34.6166,194,8.0318,6.208,3
198,151.23,21.2602,34.6166,197.4,8.0153,6.3168,3
199,201.16,19.8981,34.7901,200.4,7.9974,6.4128,3
200,251.07,19.0022,34.6166,195.6,7.9725,6.2592,3
201,304.24,18.0563,34.6166,192.4,7.9443,6.1568,3
202,402.91,15.3378,34.5909,178.6,7.8631,5.7152,2
203,505.69,12.024,34.6166,155.9,7.7401,4.9888,2
204,604.47,8.9171,34.2892,129.9,7.6322,4.1568,1
205,702.89,7.4172,34.6166,109,7.547,3.488,1
206,799.89,5.9161,34.3469,89.2,7.4898,2.8544,0
207,1003.04,4.3963,34.4087,75,7.4418,2.4,0
208,0,24.4027,209.7,190.9,7.9316,6.1088,2
209,10.63,24.397,208.9,190.9,8.0743,6.1088,2
210,22.25,24.3987,209.1,190.9,8.0722,6.1088,2
211,31.69,24.399,208,190.9,8.0744,6.1088,2
212,49.46,24.4039,210.2,190.9,8.0677,6.1088,2
213,76.87,24.2929,207.5,190.9,8.0671,6.1088,2
214,101.79,22.1893,199,190.9,8.0214,6.1088,2
215,127.81,21.0636,194.9,190.9,8,6.1088,2
216,152.52,20.0772,194.8,190.9,7.9853,6.1088,2
217,202.25,18.8607,195.1,190.9,7.9726,6.1088,2
218,254.74,17.7078,192.6,190.9,7.9348,6.1088,2
219,304.04,16.96,191.3,190.9,7.9157,6.1088,2
220,403.31,13.8452,179,190.9,7.8163,6.1088,2
221,503.02,10.7799,151,190.9,7.6939,6.1088,2
222,504.21,10.7734,151,190.9,7.7003,6.1088,2
223,602.09,8.2224,118.9,190.9,7.5837,6.1088,1
224,699.03,6.4546,95.2,190.9,7.5073,6.1088,1
225,798.41,5.5642,85.5,190.9,7.4738,6.1088,1
226,947.97,4.758,77.7,190.9,7.4475,6.1088,1
227,0,25.7278,34.6166,206.8,7.9316,6.6176,2
228,11.53,25.7269,34.6166,206.5,8.0805,6.608,2
229,27.42,25.7447,34.6166,206.6,8.0858,6.6112,2
230,50.47,25.7471,34.6166,206.6,8.0876,6.6112,2
231,75.6,25.6093,34.6166,207.1,8.0865,6.6272,2
232,101.22,22.9568,34.6166,204.9,8.0419,6.5568,3
233,126.74,21.0958,34.6166,199.7,8.006,6.3904,3
234,149.68,20.1373,34.6166,202.4,8.0007,6.4768,3
235,200.61,19.0652,34.6166,203.2,7.9839,6.5024,3
236,251.52,18.2391,34.6166,204.1,7.9677,6.5312,3
237,302.92,17.6617,34.6166,196.7,7.9435,6.2944,2
238,399.93,15.6059,34.6166,186.6,7.8791,5.9712,2
239,501.25,12.0639,34.6166,173.1,7.7657,5.5392,2
240,602.62,8.8031,34.6166,148.2,7.6384,4.7424,1
241,704.24,7.0718,34.6166,117.4,7.5407,3.7568,1
242,803.44,5.5838,34.6166,79.7,7.4395,2.5504,0
243,804.53,5.5762,34.6166,79.4,7.4412,2.5408,0
244,901.89,4.8365,34.6166,66.2,7.4167,2.1184,0
245,1002.28,4.2287,34.6166,59.2,7.4072,1.8944,0
246,1204.98,3.3309,34.6166,65.6,7.4135,2.0992,0
247,1404.04,2.7745,34.6166,76.3,7.4334,2.4416,0
248,1604.77,2.4435,34.6166,89.9,7.4594,2.8768,0
249,1804.93,2.1891,34.6166,101.6,7.4796,3.2512,1
250,2004.1,2.0205,34.6166,111.7,7.5003,3.5744,1
251,0,22.0342,34.6166,215,8.0573,6.88,3
252,10.93,22.0409,34.6166,213.4,8.0591,6.8288,3
253,21.06,22.042,34.6166,213.4,8.0589,6.8288,3
254,30.49,22.0479,34.6166,213.6,8.0577,6.8352,3
255,50.16,22.0174,34.6166,213.7,8.0566,6.8384,3
256,75.88,21.853,34.6166,214.2,8.0529,6.8544,3
257,100.4,21.8459,34.6166,213.7,8.0567,6.8384,3
258,125.32,21.7954,34.6166,213.5,8.0552,6.832,3
259,150.74,21.7829,34.6166,213.3,8.0516,6.8256,3
260,200.56,20.6828,34.6166,188.4,7.9866,6.0288,3
261,250.18,19.2086,34.6166,189.2,7.9607,6.0544,3
262,299.58,18.0962,34.6166,186.7,7.9316,5.9744,3
263,402.02,15.0026,34.6166,176.2,7.8501,5.6384,2
264,500.94,11.9437,34.6166,156.4,7.7397,5.0048,2
265,600.31,9.9116,34.6166,138.8,7.6607,4.4416,1
266,700.62,7.1987,34.6166,103.9,7.5382,3.3248,1
267,799.49,6.3344,34.6166,93,7.5005,2.976,0
268,832.25,5.7204,34.6166,86.9,7.4844,2.7808,0
269,0,22.6751,34.6166,214.5,8.0665,6.864,3
270,10.53,22.6861,34.8105,214.8,8.0659,6.8736,3
271,25.43,22.6807,34.6166,214.9,8.0658,6.8768,3
272,50.27,22.679,34.6166,214.7,8.0667,6.8704,3
273,75.5,22.6309,34.6166,214.6,8.0655,6.8672,3
274,100.53,20.8228,34.8457,201.5,8.0053,6.448,3
275,125.06,19.6675,34.6166,198.5,7.9841,6.352,3
276,150.28,18.9351,34.6166,200.1,7.972,6.4032,3
277,200.71,17.8411,34.7243,200.6,7.9526,6.4192,2
278,250.73,16.9811,34.6166,196.5,7.9221,6.288,2
279,301.93,16.242,34.6166,204.1,7.8952,6.5312,2
280,400.72,14.0915,34.5067,183,7.8353,5.856,2
281,502.04,10.7748,34.6166,171.3,7.7293,5.4816,2
282,600.35,8.6634,34.2219,138.5,7.6212,4.432,1
283,700.78,6.1836,34.6166,98,7.4868,3.136,1
284,800.47,4.962,34.2727,74.7,7.4312,2.3904,0
285,901,4.0859,34.6166,64.1,7.4095,2.0512,0
286,1001.19,3.5549,34.4045,61.7,7.4095,1.9744,0
287,1199.65,2.9475,34.4773,67.7,7.4174,2.1664,0
288,1400.78,2.5263,34.5319,80.4,7.4411,2.5728,0
289,1600.93,2.2511,34.5727,97.3,7.4747,3.1136,1
290,1802.17,2.0585,34.6009,108.5,7.4976,3.472,1
291,1998.79,1.9118,34.6237,118.2,7.5188,3.7824,1
292,0,24.8832,34.3159,208.8,8.076,6.6816,2
293,10.53,24.8157,34.6166,209.3,8.082,6.6976,2
294,20.76,24.2151,34.6166,211.2,8.0685,6.7584,2
295,32.38,23.3891,34.6166,214,8.0706,6.848,3
296,52.24,23.0623,34.6166,215.7,8.0621,6.9024,3
297,75.68,22.6136,34.6166,214.6,8.0558,6.8672,3
298,101.79,21.8032,34.6166,206.6,8.0361,6.6112,3
299,125.42,21.3055,34.6166,206.3,8.025,6.6016,3
300,150.94,20.5125,34.6166,213.6,8.0282,6.8352,3
301,202.74,19.9403,34.6166,207.8,8.0084,6.6496,3
302,249.08,18.9294,34.6166,199.8,7.9733,6.3936,3
303,301.36,17.8851,34.6166,196.3,7.9552,6.2816,2
304,404.2,15.5381,34.6166,184.4,7.8698,5.9008,2
305,501.93,13.321,34.6166,173.2,7.7951,5.5424,2
306,601.1,10.1057,34.6166,144.5,7.6661,4.624,2
307,700.12,7.4446,34.6166,109.6,7.5442,3.5072,1
308,800.88,5.7179,34.6166,88.3,7.4809,2.8256,0
309,890.81,5.2042,34.6166,81.6,7.4562,2.6112,0
310,0,27.6377,33.5136,199.1,8.0721,6.3712,2
311,11.03,27.6595,33.7023,199.1,8.0724,6.3712,2
312,21.06,27.5473,34.6166,199.3,8.0721,6.3776,2
313,31.39,27.4679,33.8036,198.4,8.0726,6.3488,2
314,52.94,26.7032,34.1225,195.4,8.067,6.2528,2
315,76.37,22.3033,34.6166,180.2,7.9897,5.7664,3
316,101.69,18.6745,34.665,173.2,7.9105,5.5424,3
317,113.7,17.23,34.6422,171.4,7.881,5.4848,2
318,0,26.5371,34.3002,203.9,8.076,6.5248,2
319,11.03,26.4591,34.6166,204.1,8.0744,6.5312,2
320,21.36,26.2804,34.6166,204.1,8.0745,6.5312,2
321,30.99,26.2397,34.6166,204.8,8.073,6.5536,2
322,51.15,26.1389,34.6166,204.3,8.0737,6.5376,2
323,75.88,25.4496,34.6166,201.6,8.056,6.4512,2
324,100.9,23.8079,34.6166,200,8.0382,6.4,3
325,125.62,21.9571,34.6166,196.1,8.0093,6.2752,3
326,150.24,20.7309,34.6166,193.9,7.9881,6.2048,3
327,201.75,18.8888,34.6166,192.4,7.9526,6.1568,3
328,250.77,17.6042,34.6166,189.4,7.9213,6.0608,2
329,300.37,16.4532,34.6166,183.9,7.8894,5.8848,2
330,400.23,14.0577,34.6166,171.6,7.7999,5.4912,2
331,500.84,11.2141,34.6166,153.2,7.7077,4.9024,2
332,599.81,8.3515,34.6166,121.6,7.5881,3.8912,1
333,701.31,6.7999,34.6166,100,7.5171,3.2,1
334,801.77,5.6302,34.6166,85.8,7.4718,2.7456,0
335,830.86,5.3583,34.6166,83,7.4596,2.656,0
336,0,26.8357,34.7045,204.8,8.0696,6.5536,2
337,11.43,26.5787,34.6985,205.8,8.0695,6.5856,2
338,26.53,24.9694,34.6166,210.2,8.0652,6.7264,2
339,51.26,23.9286,34.6166,215.5,8.0563,6.896,3
340,76.39,20.5407,34.6166,218.8,8.0207,7.0016,3
341,101.32,19.7491,34.8139,214.8,8.0087,6.8736,3
342,125.45,19.3809,34.6166,213.7,8.0015,6.8384,3
343,151.27,19.18,34.6166,213.8,7.9956,6.8416,3
344,200.91,18.9007,34.7938,215.4,7.9979,6.8928,3
345,252.02,18.6804,34.6166,214.6,7.9905,6.8672,3
346,301.53,18.0897,34.742,202.6,7.9541,6.4832,3
347,402.01,15.8463,34.612,190.9,7.8808,6.1088,2
348,502.24,13.2474,34.6166,187,7.8019,5.984,2
349,601.43,10.0032,34.2122,170.6,7.6904,5.4592,2
350,701.77,7.7445,34.6166,135.4,7.5714,4.3328,1
351,801.06,6.1133,34.1388,96.4,7.4638,3.0848,1
352,901.99,5.0767,34.6166,72.2,7.4061,2.3104,0
353,1002.87,4.3277,34.29,61.2,7.387,1.9584,0
354,1202.02,3.2974,34.4232,60,7.3874,1.92,0
355,1402.16,2.7659,34.6166,72.6,7.4148,2.3232,0
356,1601.22,2.4657,34.548,87.1,7.4413,2.7872,0
357,1801.68,2.1808,34.5841,101.5,7.4703,3.248,1
358,2002.73,1.9692,34.613,114.5,7.4946,3.664,1
359,0,21.6956,34.7014,218.8,8.0526,7.0016,3
360,10.43,21.6891,34.6166,218.7,8.0522,6.9984,3
361,25.34,21.6785,34.6166,218.6,8.0514,6.9952,3
362,50.77,21.6821,34.6957,218.5,8.0534,6.992,3
363,74.7,21.6858,34.6166,218.6,8.0545,6.9952,3
364,100.73,21.6424,34.6166,216.9,8.0485,6.9408,3
365,125.55,20.5364,34.8453,194.3,7.9911,6.2176,3
366,150.87,19.4262,34.6166,203.3,7.9858,6.5056,3
367,202.2,18.8665,34.6166,212.9,7.9933,6.8128,3
368,252.42,18.5433,34.7762,209.9,7.9828,6.7168,3
369,299.85,17.6943,34.6166,206.8,7.9547,6.6176,2
370,400.92,16.7483,34.6738,196.4,7.9144,6.2848,2
371,500.36,13.7787,34.4787,182.6,7.8196,5.8432,2
372,599.35,10.4656,34.2754,166.2,7.704,5.3184,2
373,700.78,7.4763,34.1478,129.5,7.5618,4.144,1
374,799.48,5.6606,34.1928,90.3,7.4586,2.8896,0
375,900.61,4.812,34.25,72,7.416,2.304,0
376,1001.69,4.1639,34.3083,61.1,7.3885,1.9552,0
377,1199.35,3.2315,34.4313,61.3,7.3934,1.9616,0
378,1402.06,2.7784,34.4989,73.3,7.42,2.3456,0
379,1601.91,2.4061,34.5547,90.2,7.4535,2.8864,0
380,1800.69,2.1525,34.5915,103.8,7.4783,3.3216,1
381,1998.89,1.9715,34.6163,115.5,7.5003,3.696,1
382,0,22.4304,34.7652,220,8.0571,7.04,3
383,11.43,22.4313,34.7696,219.7,8.0623,7.0304,3
384,25.34,22.4215,34.6166,220.2,8.0621,7.0464,3
385,50.87,21.5925,34.6166,223.7,8.06,7.1584,3
386,74.51,20.8034,34.6166,221.8,8.0404,7.0976,3
387,100.03,20.2236,34.8041,222.3,8.0343,7.1136,3
388,124.96,19.853,34.6166,217.2,8.0209,6.9504,3
389,149.88,19.1878,34.6166,212.6,8.0034,6.8032,3
390,200.71,18.4527,34.7622,208,7.9819,6.656,3
391,250.93,17.5463,34.6166,203.2,7.9545,6.5024,2
392,300.04,16.6612,34.6166,200.3,7.9302,6.4096,2
393,399.63,14.7568,34.5394,186.6,7.8624,5.9712,2
394,500.26,11.289,34.6166,169.8,7.7414,5.4336,2
395,601.24,8.513,34.1936,142.3,7.6264,4.5536,1
396,700.88,6.5666,34.6166,111.5,7.5224,3.568,1
397,801.86,5.309,34.1985,83.1,7.4472,2.6592,0
398,901.5,4.4497,34.6166,65.8,7.4106,2.1056,0
399,1002.97,3.8098,34.3487,58,7.3942,1.856,0
400,1201.33,3.0655,34.4601,65.7,7.4151,2.1024,0
401,1399.4,2.6249,34.5248,80.7,7.4448,2.5824,0
402,1601.62,2.3043,34.5664,95.7,7.4723,3.0624,1
403,1800.79,2.0988,34.5971,108.3,7.4979,3.4656,1
404,2000.56,1.9513,34.6176,117.1,7.5121,3.7472,1
405,0,26.6934,33.8937,206.31,8.0824,6.60192,2
406,10.13,26.7019,33.8908,206.8,8.0814,6.6176,2
407,50.75,22.8551,34.6021,200.94,8.0329,6.43008,3
408,100.7,18.9612,34.6181,158.47,7.895,5.07104,3
409,121.44,15.9753,34.573,159.54,7.8434,5.10528,2
410,0,26.8381,33.8397,206.64,8.0805,6.61248,2
411,10.03,26.8073,33.8487,207.41,8.0777,6.63712,2
412,49.86,25.8528,34.0029,210.1,8.0656,6.7232,2
413,99.8,20.9477,34.5386,177.82,7.9613,5.69024,3
414,150.73,19.2569,34.6711,172.8,7.9331,5.5296,3
415,201.35,13.683,34.5004,162.67,7.8067,5.20544,2
416,249.97,11.3613,34.3894,144.88,7.7163,4.63616,2
417,270.8,11.1514,34.3808,143.83,7.7075,4.60256,2
418,270.9,11.1583,34.3799,143.9,7.7092,4.6048,2
419,0,27.9752,33.9636,201.42,7.9316,6.44544,2
420,10.03,27.963,34.0005,201.23,8.0908,6.43936,2
421,50.06,25.0984,34.5902,214.27,8.0785,6.85664,2
422,99.71,21.5795,34.7789,206.65,8.0316,6.6128,3
423,149.15,20.3676,34.799,203.23,8.0114,6.50336,3
424,200.06,18.878,34.7809,195.26,7.9709,6.24832,3
425,250.27,17.5903,34.7201,193.56,7.9398,6.19392,2
426,300.27,16.7304,34.6689,191.71,7.9207,6.13472,2
427,398.94,13.1397,34.4397,173.26,7.8011,5.54432,2
428,500.13,10.6513,34.318,150.54,7.7017,4.81728,2
429,599.3,8.6061,34.29,122.58,7.6089,3.92256,1
430,700.6,6.639,34.2439,102.15,7.5305,3.2688,1
431,801.36,5.9119,34.3147,90.11,7.4983,2.88352,0
432,902.46,5.1189,34.3649,79.27,7.4705,2.53664,0
433,993.62,4.3895,34.4015,74.77,7.4502,2.39264,0
434,0,27.4367,34.1817,201.41,8.083,6.44512,2
435,10.23,27.4365,34.1953,201.72,8.0805,6.45504,2
436,50.06,23.9138,34.5989,211.17,8.0601,6.75744,3
437,98.52,21.6751,34.7577,211.18,8.0394,6.75776,3
438,149.05,20.747,34.8189,202.17,8.0132,6.46944,3
439,200.07,18.9607,34.786,196.49,7.9756,6.28768,3
440,249.48,18.0338,34.7464,196.41,7.9555,6.28512,3
441,299.18,17.0709,34.6923,190.14,7.9226,6.08448,2
442,402.61,14.7747,34.5453,181.61,7.8561,5.81152,2
443,500.05,12.0613,34.3976,159.2,7.7543,5.0944,2
444,600.11,9.8199,34.3244,136.21,7.6634,4.35872,1
445,700.72,7.3471,34.2742,112.81,7.5681,3.60992,1
446,798.6,6.0491,34.3126,92.82,7.5074,2.97024,0
447,838.68,5.5837,34.3315,86.34,7.4869,2.76288,0
448,839.96,5.5751,34.3321,86.2,7.4878,2.7584,0
449,0,27.2652,34.2249,203.47,8.081,6.51104,2
450,10.13,27.2559,34.2276,203.28,8.0816,6.50496,2
451,50.46,22.8609,34.6214,220.95,8.0604,7.0704,3
452,99.61,21.0892,34.7404,209.71,8.0272,6.71072,3
453,150.84,19.9439,34.7803,197.62,7.9911,6.32384,3
454,199.97,18.9781,34.7786,206.97,7.9901,6.62304,3
455,249.78,18.3339,34.7515,200.65,7.9662,6.4208,3
456,298.99,17.3821,34.7062,192,7.9307,6.144,2
457,399.45,14.9486,34.5594,178.74,7.8591,5.71968,2
458,499.76,12.4415,34.4242,163.55,7.7715,5.2336,2
459,600.02,10.06,34.3319,143.87,7.6824,4.60384,2
460,700.63,7.8568,34.3034,116.97,7.5894,3.74304,1
461,800.21,6.9988,34.3048,105.27,7.5496,3.36864,1
462,899.53,6.5013,34.3063,98.66,7.5278,3.15712,1
463,999.5,5.7415,34.3063,91.71,7.4989,2.93472,0
464,1031.33,5.6535,34.3066,87.41,7.4915,2.79712,0
465,0,27.1403,34.5476,203.52,8.0827,6.51264,2
466,9.64,27.0703,34.5555,204.49,8.0815,6.54368,2
467,49.57,24.4038,34.6688,213.73,8.0707,6.83936,2
468,99.52,21.5959,34.7817,202.28,8.0253,6.47296,3
469,150.16,20.5444,34.814,195.01,7.9982,6.24032,3
470,199.89,18.7042,34.7835,193.18,7.9625,6.18176,3
471,249.61,17.8476,34.7376,193.28,7.946,6.18496,2
472,300.61,16.927,34.683,191.43,7.9226,6.12576,2
473,399.69,15.3397,34.578,183.61,7.8737,5.87552,2
474,499.42,12.1756,34.3811,168.52,7.7683,5.39264,2
475,552.93,10.4517,34.2871,155.65,7.7023,4.9808,2
476,553.62,10.4209,34.2872,155.57,7.7019,4.97824,2
477,0,28.1819,34.5203,199.44,8.093,6.38208,2
478,10.23,28.1851,34.5193,199.85,8.097,6.3952,2
479,51.16,23.6642,34.7383,223.67,8.0714,7.15744,3
480,100.32,21.2566,34.794,225.46,8.0562,7.21472,3
481,149.96,20.0865,34.7917,214.32,8.0285,6.85824,3
482,200.29,19.4831,34.788,209.22,8.0101,6.69504,3
483,250.31,18.685,34.771,208.18,7.9923,6.66176,3
484,331.07,17.2287,34.7057,200.06,7.9461,6.40192,2
485,431.13,14.6278,34.5299,180.15,7.8531,5.7648,2
486,530.54,11.1632,34.3139,166.15,7.742,5.3168,2
487,629.81,8.3934,34.1729,138.05,7.6187,4.4176,1
488,730.91,6.3309,34.1515,102.65,7.5172,3.2848,1
489,831.37,5.0536,34.2468,74.38,7.4494,2.38016,0
490,929.71,4.1459,34.3395,62.42,7.4212,1.99744,0
491,1070.1,3.3547,34.4399,65.48,7.4368,2.09536,0
492,1269.56,2.8475,34.4939,74.69,7.4544,2.39008,0
493,1468.73,2.5166,34.5375,84.68,7.4657,2.70976,0
494,1668.9,2.3015,34.5639,94.68,7.4865,3.02976,1
495,1868.78,2.0638,34.6008,110.17,7.5131,3.52544,1
496,2068.76,1.9112,34.6221,118.61,7.533,3.79552,1
497,2091.78,1.8974,34.6237,119.43,7.5289,3.82176,1
498,0,28.9954,34.5572,197.27,8.0842,6.31264,2
499,10.53,28.9985,34.5463,197.37,8.0812,6.31584,2
500,50.17,22.2797,34.7641,230.25,8.0633,7.368,3
501,99.93,20.5904,34.7986,224.58,8.0434,7.18656,3
502,150.17,19.9786,34.7899,213.85,8.0236,6.8432,3
503,200.2,19.483,34.7794,210.44,8.008,6.73408,3
504,250.02,18.6276,34.766,207.24,7.9853,6.63168,3
505,300.72,17.9137,34.74,200.99,7.9597,6.43168,2
506,401.19,15.9779,34.6226,191.02,7.9015,6.11264,2
507,500.83,12.7747,34.4174,174.2,7.7961,5.5744,2
508,600.21,9.7217,34.2283,155.68,7.6803,4.98176,1
509,700.93,7.3075,34.1476,124.38,7.5695,3.98016,1
510,800.42,5.6286,34.176,87.16,7.4671,2.78912,0
511,901.54,4.6915,34.2567,68.34,7.4268,2.18688,0
512,1001.92,4.0757,34.3378,61.65,7.4169,1.9728,0
513,1200.07,3.3216,34.5028,75.84,7.4454,2.42688,0
514,1400.4,2.7381,34.5033,74.41,7.4443,2.38112,0
515,1599.65,2.41,34.5467,87.13,7.4678,2.78816,0
516,1799.6,2.1605,34.5833,100.96,7.4927,3.23072,1
517,2000.64,1.9798,34.6105,112.75,7.5147,3.608,1
518,2199.62,1.8836,34.63,124.41,7.5346,3.98112,1
519,2399.6,1.7855,34.6402,127.98,7.5422,4.09536,1
520,2600.08,1.6968,34.6528,134.42,7.5553,4.30144,1
521,2799.98,1.6436,34.6603,139,7.5629,4.448,1
522,2999.2,1.6044,34.6656,142.51,7.5665,4.56032,1
523,3249.72,1.584,34.6693,145.72,7.5707,4.66304,1
524,3500.14,1.569,34.6717,147.45,7.5744,4.7184,1
525,3750.47,1.5705,34.6748,150.14,7.5773,4.80448,1
526,4000.12,1.5785,34.678,151.66,7.5821,4.85312,1
527,4250.67,1.5965,34.6787,152.42,7.5806,4.87744,1
528,4498.89,1.6144,34.68,153.48,7.5847,4.91136,1
529,4749.56,1.6388,34.681,153.98,7.5845,4.92736,1
530,5000.05,1.6671,34.6814,154.39,7.5867,4.94048,1
531,5250.35,1.6976,34.6813,154.58,7.5855,4.94656,1
532,5501.55,1.7303,34.6821,154.93,7.5878,4.95776,1
533,5750.92,1.7643,34.6811,155.28,7.5857,4.96896,1
534,6004.27,1.8002,34.6829,155.05,7.5854,4.9616,1
535,0,29.6264,34.6434,196.07,8.0902,6.27424,2
536,10.33,29.2581,34.6244,197.41,8.084,6.31712,2
537,52.85,23.3738,34.8067,227.17,8.0636,7.26944,3
538,100.03,20.8198,34.812,224.07,8.0426,7.17024,3
539,149.68,19.4532,34.7982,206.6,7.9986,6.6112,3
540,200.01,18.4029,34.7684,196.24,7.9614,6.27968,3
541,249.73,17.3707,34.7102,195.09,7.9402,6.24288,2
542,329.1,16.2364,34.6359,190.6,7.9087,6.0992,2
543,430.06,13.6771,34.4704,180.04,7.8255,5.76128,2
544,529.59,10.4213,34.2712,161.75,7.7113,5.176,2
545,630.74,7.9765,34.1641,135.92,7.607,4.34944,1
546,729.77,6.1047,34.1703,100.94,7.5048,3.23008,1
547,830.54,4.8716,34.2339,73.46,7.4396,2.35072,0
548,930.95,4.2117,34.3052,62.45,7.9316,1.9984,0
549,1071.16,3.5423,34.4125,62.68,7.4238,2.00576,0
550,1269.35,2.8885,34.4818,70.13,7.4338,2.24416,0
551,1469.42,2.532,34.531,81.95,7.4606,2.6224,0
552,1669.5,2.247,34.5706,95.11,7.4821,3.04352,1
553,1869.98,2.0591,34.6003,107.41,7.9316,3.43712,1
554,2070.18,1.8896,34.6237,119.12,7.5295,3.81184,1
555,2270.68,1.776,34.6408,128.12,7.9316,4.09984,2
556,2470.5,1.7031,34.8094,221.9,7.9316,7.1008,2
557,2670.62,1.6438,34.6588,137.7,7.5639,4.4064,1
558,2870.07,1.5968,34.6649,141.69,7.567,4.53408,1
559,3079.72,1.5761,34.6681,144.5,7.5724,4.624,1
560,3330.05,1.5598,34.6732,147.45,7.5746,4.7184,1
561,3579.02,1.5552,34.6766,150.24,7.5801,4.80768,1
562,3829.46,1.5538,34.6781,152.48,7.5825,4.87936,1
563,3829.85,1.5537,34.6791,151.88,7.5798,4.86016,1
564,3955.12,1.5663,34.6782,151.94,7.5846,4.86208,1
565,0,29.6403,34.6165,196.63,8.0888,6.29216,2
566,10.53,29.3755,34.6893,159.77,7.9604,5.11264,2
567,48.18,25.6086,34.7037,220.25,8.0776,7.048,2
568,99.43,20.9748,34.8009,224.66,8.0403,7.18912,3
569,149.68,19.6561,34.7964,209.55,8.0023,6.7056,3
570,198.82,18.5952,34.7727,204.04,7.9737,6.52928,3
571,250.23,17.6953,34.7325,202.84,7.9504,6.49088,2
572,280.1,17.2207,34.7024,197.46,7.935,6.31872,2
573,371.17,14.949,34.5546,185.75,7.8631,5.944,2
574,470.13,12.2598,34.3793,173.73,7.7779,5.55936,2
575,570.03,8.6386,34.1898,144.63,7.6328,4.62816,1
576,670.47,6.6289,34.1614,111.78,7.53,3.57696,1
577,771.86,5.3899,34.1806,86.02,7.4625,2.75264,0
578,870.73,4.5669,34.253,65.85,7.4226,2.1072,0
579,970.44,4.0279,34.3245,58.97,7.4089,1.88704,0
580,1130.39,3.3035,34.4251,60.17,7.4111,1.92544,0
581,1331.29,2.777,34.5044,74.96,7.4454,2.39872,0
582,1530.61,2.4248,34.547,87.9,7.4689,2.8128,0
583,1730.74,2.1667,34.5841,102.15,7.4979,3.2688,1
584,1930.97,2.0154,34.5212,182.91,7.8339,5.85312,2
585,2130.42,1.8796,34.6274,121.49,7.5349,3.88768,1
586,2330.38,1.7819,34.6391,127.7,7.5409,4.0864,1
587,2530.05,1.7002,34.6508,133.99,7.5531,4.28768,1
588,2730.42,1.6535,34.6571,137.85,7.5595,4.4112,1
589,2930.31,1.5966,34.6635,143.07,7.5673,4.57824,1
590,3171.03,1.5733,34.6694,145.74,7.5724,4.66368,1
591,3420.67,1.5565,34.6734,149.15,7.5782,4.7728,1
592,3671.11,1.5533,34.6759,150.6,7.581,4.8192,1
593,3919.7,1.5594,34.6793,152.45,7.5824,4.8784,1
594,4169.47,1.5727,34.6802,153.62,7.5835,4.91584,1
595,4187.01,1.5736,34.6795,153.5,7.5832,4.912,1
596,0,22.2378,34.7479,216,8.0464,6.912,3
597,9.54,22.2376,34.7439,215.6,8.0578,6.8992,3
598,24.34,22.2381,34.6166,215.4,8.0629,6.8928,3
599,48.38,22.2449,34.6166,215.4,8.0662,6.8928,3
600,74.41,22.209,34.6166,215.6,8.055,6.8992,3
601,101.02,21.8706,34.7148,213.2,8.0496,6.8224,3
602,123.57,21.3341,34.6166,207.8,8.0293,6.6496,3
603,150.87,20.5925,34.6166,201.5,8.006,6.448,3
604,199.52,18.7044,34.7933,199.6,7.9766,6.3872,3
605,253.61,17.6828,34.6166,205.9,7.9718,6.5888,2
606,303.91,16.8431,34.6166,203.3,7.9393,6.5056,2
607,401.62,14.4639,34.51,189.3,7.8537,6.0576,2
608,502.94,11.5709,34.6166,173,7.7548,5.536,2
609,603.52,8.6169,34.1799,143.8,7.644,4.6016,1
610,700.98,6.6173,34.6166,109.1,7.5263,3.4912,1
611,802.06,5.4315,34.2023,82.6,7.4605,2.6432,0
612,902.29,4.711,34.6166,64.8,7.4188,2.0736,0
613,999.91,4.0276,34.3394,57.1,7.4026,1.8272,0
614,1199.85,3.2529,34.4512,67.4,7.4236,2.1568,0
615,1398.91,2.7221,34.5091,75.1,7.4432,2.4032,0
616,1594.82,2.3658,34.5547,90.9,7.4722,2.9088,0
617,1796.07,2.1656,34.5888,102.4,7.4937,3.2768,1
618,2013.76,1.9669,34.6157,115.4,7.5192,3.6928,1
619,2014.64,1.9665,34.6154,115.1,7.5189,3.6832,1
620,0,23.1877,34.8321,216,8.0737,6.912,3
621,10.04,23.1869,34.8323,216,8.0784,6.912,3
622,24.44,23.1616,34.6166,216.2,8.0774,6.9184,3
623,50.17,22.5422,34.6166,219.7,8.0669,7.0304,3
624,74.41,21.2723,34.6166,223.6,8.0561,7.1552,3
625,98.84,20.7186,34.7756,220,8.0426,7.04,3
626,124.56,20.4854,34.6166,216.6,8.0317,6.9312,3
627,148.69,20.2143,34.6166,213.9,8.0254,6.8448,3
628,198.72,19.2932,34.7862,208,8,6.656,3
629,250.33,18.1415,34.6166,197.9,7.9291,6.3328,3
630,300.04,17.4022,34.6166,203.1,7.9582,6.4992,2
631,399.63,15.6582,34.601,190.8,7.892,6.1056,2
632,498.77,12.7049,34.6166,175.8,7.7938,5.6256,2
633,599.16,9.1465,34.2129,145.8,7.6519,4.6656,1
634,698.2,7.3904,34.6166,116.5,7.5602,3.728,1
635,799.98,5.6352,34.2174,83.7,7.4725,2.6784,0
636,897.44,4.5688,34.6166,65.6,7.4299,2.0992,0
637,1000.11,3.9831,34.3639,61,7.4183,1.952,0
638,1199.65,3.1419,34.4558,65.9,7.4301,2.1088,0
639,1399.79,2.7059,34.5099,76.2,7.4473,2.4384,0
640,1599.25,2.314,34.5631,93,7.4813,2.976,0
641,1800.3,2.1135,34.5896,104.1,7.501,3.3312,1
642,1999.58,1.9238,34.6184,116.7,7.522,3.7344,1
643,0,24.5042,34.7107,209.6,8.0786,6.7072,2
644,11.72,24.5138,34.707,209.6,8.0866,6.7072,2
645,24.04,24.5185,34.6166,209.3,8.0841,6.6976,2
646,52.36,24.4292,34.6166,209.9,8.0815,6.7168,2
647,76.99,24.0699,34.6166,212.4,8.0766,6.7968,2
648,102.71,20.8149,34.8413,220.9,8.039,7.0688,3
649,126.54,19.3774,34.6166,205.9,8.0007,6.5888,3
650,150.57,18.5581,34.6166,204.8,7.9848,6.5536,3
651,201.3,17.8227,34.7462,203.3,7.9721,6.5056,2
652,202.79,17.8106,34.7462,203.1,7.9655,6.4992,2
653,251.13,17.0496,34.6166,203.8,7.9496,6.5216,2
654,301.14,16.2797,34.6166,197.2,7.9256,6.3104,2
655,402.8,12.9226,34.4205,179.3,7.8107,5.7376,2
656,504.62,10.2737,34.6166,162.6,7.7144,5.2032,2
657,601.34,7.6581,34.1555,129.3,7.5872,4.1376,1
658,701.27,5.8666,34.6166,99.8,7.4917,3.1936,1
659,801.56,4.9271,34.204,75.4,7.4372,2.4128,0
660,902.98,4.2621,34.6166,61,7.4115,1.952,0
661,1000.01,3.7943,34.3819,59.3,7.4136,1.8976,0
662,1203.2,2.9988,34.4638,64.5,7.4236,2.064,0
663,1401.67,2.574,34.5314,81.3,7.4601,2.6016,0
664,1402.06,2.5741,34.5301,81.3,7.46,2.6016,0
665,1602.11,2.2825,34.5689,95,7.4857,3.04,1
666,1802.46,2.0788,34.6004,108.4,7.5087,3.4688,1
667,1999.48,1.9392,34.6211,117.6,7.5299,3.7632,1
668,0,21.8989,34.8965,217.2,8.0655,6.9504,3
669,11.03,21.9002,34.8908,217,8.064,6.944,3
670,26.13,21.9166,34.8912,216.8,8.0626,6.9376,3
671,51.36,21.9212,34.8909,216.6,8.0636,6.9312,3
672,76.19,21.9284,34.892,216.8,8.0635,6.9376,3
673,105.29,21.896,34.888,216.5,8.0674,6.928,3
674,128.83,20.74,34.8442,203.4,8.0166,6.5088,3
675,151.17,19.2172,34.7914,202.6,7.9803,6.4832,3
676,201.1,18.107,34.7589,201.2,7.9614,6.4384,3
677,252.71,17.2032,34.7085,200,7.9471,6.4,2
678,256.58,17.1901,34.7083,199.9,7.9408,6.3968,2
679,305.2,16.2065,34.6416,195.3,7.908,6.2496,2
680,402.31,13.739,34.4748,181.9,7.828,5.8208,2
681,503.73,10.7318,34.2852,165.7,7.7214,5.3024,2
682,602.53,7.4217,34.1521,127.6,7.5715,4.0832,1
683,703.65,6.0927,34.2338,90.2,7.4907,2.8864,0
684,801.46,5.3143,34.2788,75.8,7.4546,2.4256,0
685,902.19,4.4341,34.3156,61.6,7.4164,1.9712,0
686,902.98,4.4263,34.3148,62.1,7.4152,1.9872,0
687,1002.87,3.9161,34.3635,57.2,7.4066,1.8304,0
688,1202.02,3.1655,34.4595,65.6,7.4271,2.0992,0
689,1405.61,2.6645,34.5186,78,7.448,2.496,0
690,1600.73,2.3405,34.5644,92.8,7.4776,2.9696,0
691,1802.86,2.1557,34.5876,103.1,7.4918,3.2992,1
692,2000.76,1.9865,34.6122,113.6,7.5168,3.6352,1
693,0,23.6977,34.9716,215.2,8.0782,6.8864,3
694,10.53,23.6938,34.9631,215.3,8.0685,6.8896,3
695,10.93,23.6967,34.9675,215.2,8.0792,6.8864,3
696,25.43,23.6967,34.6166,215.6,8.0779,6.8992,3
697,50.47,22.0522,34.9259,220.5,8.073,7.056,3
698,74.9,21.5532,34.6166,222.4,8.0611,7.1168,3
699,100.82,20.9681,34.9123,216,8.0448,6.912,3
700,125.95,20.5699,34.6166,207.3,8.0274,6.6336,3
701,150.37,20.1098,34.6166,212,8.0496,6.784,3
702,201.9,18.88,34.8369,214.5,8.0062,6.864,3
703,250.03,17.9006,34.6166,199.2,7.9625,6.3744,2
704,299.55,16.7456,34.6836,196.4,7.9301,6.2848,2
705,399.73,13.2144,34.4283,177.2,7.8056,5.6704,2
706,500.46,9.8966,34.2497,149.4,7.6755,4.7808,1
707,500.86,9.8936,34.2486,149.3,7.6782,4.7776,1
708,601.04,7.8672,34.1892,123.1,7.5839,3.9392,1
709,700.38,6.4009,34.6166,97.4,7.5103,3.1168,1
710,800.87,5.2743,34.3051,76.2,7.4608,2.4384,0
711,900.51,4.1219,34.6166,59.5,7.4196,1.904,0
712,1000.3,3.6859,34.3811,58,7.4123,1.856,0
713,1201.03,3.0695,34.4722,68.7,7.439,2.1984,0
714,1399.79,2.6008,34.5247,80.1,7.4592,2.5632,0
715,1600.43,2.3092,34.5642,93.7,7.4866,2.9984,0
716,1801.38,2.0879,34.5976,107.3,7.5133,3.4336,1
717,2001.45,1.9274,34.6194,117.3,7.5285,3.7536,1
718,0,23.1027,34.8958,215.5,8.0807,6.896,3
719,11.72,23.0956,34.886,215.5,8.0791,6.896,3
720,26.32,23.0345,34.6166,215.7,8.0792,6.9024,3
721,53.74,23.0232,34.8853,214.9,8.0788,6.8768,3
722,81.64,22.6331,34.6166,208.8,8.0656,6.6816,3
723,101.7,22.24,34.8828,205.1,8.0538,6.5632,3
724,127.52,21.9525,34.6166,204.5,8.0489,6.544,3
725,152.33,21.2599,34.8722,203.7,8.0853,6.5184,3
726,155.21,21.1261,34.8729,203.6,8.0297,6.5152,3
727,201.76,19.7762,34.8513,204.2,8.0075,6.5344,3
728,252.37,18.6245,34.6166,194.9,7.9698,6.2368,3
729,303.27,17.6057,34.6166,191.9,7.9447,6.1408,2
730,402.04,14.9539,34.5617,179.4,7.8633,5.7408,2
731,501.76,11.8095,34.4024,155.6,7.7495,4.9792,2
732,507.31,11.6813,34.3992,154.8,7.7445,4.9536,2
733,0,22.6173,34.8315,217.1,8.0761,6.9472,3
734,10.63,22.6187,34.8215,217.1,8.0735,6.9472,3
735,21.16,22.615,34.6166,218.3,8.0775,6.9856,3
736,31.09,22.4509,34.6166,218.8,8.0701,7.0016,3
737,51.25,22.0622,34.8734,219.9,8.0648,7.0368,3
738,74.29,21.8643,34.6166,215.9,8.0576,6.9088,3
739,74.39,21.8622,34.6166,215.9,8.0613,6.9088,3
740,100.7,21.5488,34.8732,211.7,8.0501,6.7744,3
741,125.92,21.2821,34.6166,209.1,8.0421,6.6912,3
742,149.85,20.9413,34.6166,207.7,8.0351,6.6464,3
743,200.76,19.847,34.8547,205.9,8.0121,6.5888,3
744,249.98,19.1188,34.6166,198.8,7.9825,6.3616,3
745,301.97,17.6459,34.6166,191.8,7.9423,6.1376,2
746,401.04,14.5105,34.531,177.1,7.8464,5.6672,2
747,502.44,11.6437,34.6166,157.9,7.7438,5.0528,2
748,601.01,9.3522,34.3285,131.2,7.6492,4.1984,1
749,701.62,7.8993,34.6166,113.7,7.5891,3.6384,1
750,802.09,6.9806,34.6166,101.8,7.5462,3.2576,1
751,802.68,6.9787,34.3224,102.1,7.5494,3.2672,1
752,900.62,6.2982,34.6166,93.9,7.5215,3.0048,1
753,978.74,6.0676,34.3329,91.5,7.5203,2.928,0
754,0,27.2052,34.8329,201.1,8.1137,6.4352,2
755,11.92,27.2088,34.8094,200.7,8.1162,6.4224,2
756,26.73,27.0416,34.8602,201.7,8.1123,6.4544,2
757,51.36,26.8277,34.8888,202.8,8.1005,6.4896,2
758,78.28,26.6926,34.8924,201.9,8.0985,6.4608,2
759,102.12,25.6318,34.8764,198.4,8.075,6.3488,2
760,126.35,22.6989,34.9195,195,8.0317,6.24,3
761,152.66,21.1762,34.9064,196.2,8.0172,6.2784,3
762,203.49,19.3871,34.8575,203.4,7.9959,6.5088,3
763,253.41,18.4662,34.8276,209.1,7.992,6.6912,3
764,303.62,18.0491,34.8032,208.6,7.9818,6.6752,3
765,403.6,16.1148,34.6404,195.3,7.9141,6.2496,2
766,502.24,13.0262,34.4182,175.4,7.8023,5.6128,2
767,605.3,9.7819,34.2328,152.3,7.6783,4.8736,1
768,606.29,9.6973,34.2377,152.4,7.6766,4.8768,1
769,702.16,7.6158,34.1643,121.4,7.5697,3.8848,1
770,802.94,6.5799,34.2806,95.3,7.5194,3.0496,1
771,904.27,5.4091,34.3051,79.4,7.4748,2.5408,0
772,1002.38,4.3754,34.3592,68.3,7.4406,2.1856,0
773,1201.13,3.4618,34.4731,75.1,7.455,2.4032,0
774,1402.65,2.7522,34.5095,75.7,7.4472,2.4224,0
775,1602.11,2.3774,34.556,89.2,7.4756,2.8544,0
776,1800.2,2.1672,34.5871,101.3,7.4958,3.2416,1
777,1802.86,2.1669,34.586,101.6,7.4949,3.2512,1
778,2003.51,2.0194,34.6118,112.4,7.5167,3.5968,1
779,0,25.901,34.8171,205.7,8.0963,6.5824,2
780,11.23,25.9169,34.808,205,8.0999,6.56,2
781,21.36,25.5014,34.8027,206.5,8.0916,6.608,2
782,31.69,25.4141,34.8009,206.6,8.0929,6.6112,2
783,50.16,25.3393,34.7972,206.8,8.0889,6.6176,2
784,80.35,24.929,34.7999,204.4,8.0827,6.5408,2
785,102.2,23.4679,34.8492,193.9,8.0375,6.2048,3
786,126.82,22.3927,34.8737,193.4,8.0212,6.1888,3
787,151.14,20.9435,34.8456,195.4,8.0043,6.2528,3
788,151.34,20.9429,34.8419,194.8,8.0057,6.2336,3
789,201.57,19.5338,34.8278,196.8,7.9856,6.2976,3
790,251.78,18.5576,34.8003,200.2,7.9754,6.4064,3
791,302.08,17.2909,34.7228,196.4,7.9408,6.2848,2
792,401.55,13.4856,34.4828,168,7.8026,5.376,2
793,402.64,13.4535,34.4832,168.4,7.8069,5.3888,2
794,508.7,11.7214,34.4084,152.2,7.7392,4.8704,2
795,0,25.3033,34.8453,206.3,8.0923,6.6016,2
796,10.53,25.302,34.8343,206.3,8.088,6.6016,2
797,20.36,25.3156,34.8376,206.4,8.0929,6.6048,2
798,30.59,25.3196,34.8351,206.2,8.0891,6.5984,2
799,49.76,25.3012,34.8328,206,8.0882,6.592,2
800,74.49,25.2482,34.8225,203.7,8.0771,6.5184,2
801,100.31,23.9803,34.8245,197.4,8.0534,6.3168,3
802,124.33,22.8044,34.8188,196.4,8.0332,6.2848,3
803,149.75,21.217,34.8271,194.2,8.0092,6.2144,3
804,200.76,19.0694,34.8279,201.6,7.9827,6.4512,3
805,250.38,18.0588,34.7765,199.1,7.9639,6.3712,3
806,300.08,17.1042,34.7091,195.5,7.9298,6.256,2
807,300.28,17.0727,34.7116,195.5,7.9395,6.256,2
808,400.74,14.591,34.5275,180.5,7.8519,5.776,2
809,500.26,11.4248,34.3346,162.2,7.7407,5.1904,2
810,599.92,8.6538,34.2349,132.8,7.6208,4.2496,1
811,699.64,7.1584,34.3187,104.5,7.5493,3.344,1
812,799.41,6.5102,34.3353,95.9,7.5253,3.0688,1
813,899.04,6.0056,34.3455,90.4,7.5067,2.8928,0
814,1016.7,5.6677,34.3515,87,7.4932,2.784,0
815,1016.8,5.6676,34.3514,86.9,7.4965,2.7808,0
816,0,22.4299,34.8674,212.3,8.0717,6.7936,3
817,12.22,22.4333,34.8745,211.8,8.0677,6.7776,3
818,22.25,22.4153,34.6166,212.2,8.0705,6.7904,3
819,31.49,22.3327,34.8826,212.7,8.0637,6.8064,3
820,51.85,22.2806,34.882,212.6,8.0659,6.8032,3
821,76.97,22.1819,34.6166,211.8,8.0663,6.7776,3
822,100.7,22.1101,34.8739,210.3,8.0613,6.7296,3
823,123.14,21.2176,34.8566,200.2,8.0204,6.4064,3
824,124.14,21.217,34.8559,200.6,8.0268,6.4192,3
825,152.33,20.1183,34.8339,200.3,8.0024,6.4096,3
826,202.85,19.0906,34.8102,200.5,7.9862,6.416,3
827,251.37,17.9202,34.6166,200.8,7.9643,6.4256,2
828,301.87,17.1156,34.7122,200.3,7.9478,6.4096,2
829,403.02,15.0146,34.5648,186.4,7.8776,5.9648,2
830,501.54,11.9683,34.3992,161.7,7.7638,5.1744,2
831,602,8.8598,34.3339,126.3,7.6329,4.0416,1
832,702.81,7.9941,34.3313,114.5,7.595,3.664,1
833,801.99,6.8511,34.3337,100.4,7.5449,3.2128,1
834,902.9,6.3322,34.3335,94.3,7.5254,3.0176,1
835,1002.67,5.7295,34.332,86.7,7.5017,2.7744,0
836,1030.15,5.6811,34.3325,85.8,7.4979,2.7456,0
837,0,24.5067,34.7812,206.3,8.0955,6.6016,2
838,10.53,24.5136,34.7775,206.3,8.0994,6.6016,2
839,21.06,24.5149,34.7782,206.2,8.1005,6.5984,2
840,31.19,24.5182,34.7776,205.9,8.096,6.5888,2
841,50.66,24.2055,34.8087,206.3,7.9316,6.6016,2
842,76.68,23.5924,34.9801,192.5,8.0402,6.16,3
843,79.36,23.4504,34.9779,192.7,8.0454,6.1664,3
844,103.19,22.7346,35.0034,189,8.0234,6.048,2
845,126.23,21.9763,34.9626,189.5,8.0165,6.064,3
846,150.55,21.3377,34.9496,191,8.0095,6.112,3
847,200.87,19.7047,34.832,197.5,7.9925,6.32,3
848,253.07,18.6434,34.7927,197.9,7.9745,6.3328,3
849,302.77,17.3735,34.7298,200.1,7.9516,6.4032,2
850,401.65,14.6245,34.5451,179.1,7.8538,5.7312,2
851,501.07,12.1581,34.4209,157.7,7.7625,5.0464,2
852,501.27,12.1659,34.4216,157.8,7.7638,5.0496,2
853,541.4,11.9664,34.4143,155.8,7.7566,4.9856,2
854,0,24.14,34.9049,210.6,8.092,6.7392,2
855,10.83,24.1503,34.8947,209.8,8.0901,6.7136,2
856,26.33,24.1537,34.8951,209.9,8.0932,6.7168,2
857,50.27,24.1565,34.8944,209.6,8.0918,6.7072,2
858,76.29,24.1255,34.6166,209.4,8.0907,6.7008,2
859,101.12,22.723,34.9012,207.4,8.0447,6.6368,3
860,124.96,20.7407,34.6166,202,8.0128,6.464,3
861,150.28,19.2936,34.8523,199.8,7.9849,6.3936,3
862,200.31,18.2542,34.799,202.7,7.978,6.4864,3
863,249.74,17.6558,34.747,200.6,7.9617,6.4192,2
864,300.14,16.6389,34.6733,199.4,7.9344,6.3808,2
865,400.13,14.3101,34.4946,185.6,7.8523,5.9392,2
866,499.96,10.7225,34.2875,159.3,7.7205,5.0976,2
867,599.95,8.0232,34.1656,135.1,7.6085,4.3232,1
868,702.07,6.0275,34.1579,99.5,7.5024,3.184,1
869,801.76,5.0206,34.2167,76.2,7.4489,2.4384,0
870,901.99,4.3707,34.316,64.1,7.431,2.0512,0
871,1001.49,3.9125,34.4143,68.1,7.4427,2.1792,0
872,1201.43,3.1076,34.4915,76.7,7.4595,2.4544,0
873,1400.38,2.5891,34.537,85.5,7.4752,2.736,0
874,1600.34,2.2997,34.5696,95.1,7.4896,3.0432,1
875,1800.4,2.069,34.6001,108,7.5158,3.456,1
876,1800.79,2.0687,34.6,107.6,7.5101,3.4432,1
877,2002.73,1.9391,34.6226,117.5,7.5324,3.76,1
878,2002.83,1.9388,34.623,117.3,7.5328,3.7536,1
879,0,22.327,34.8423,217.7,8.0586,6.9664,3
880,11.92,22.329,34.8432,217.3,8.0595,6.9536,3
881,22.45,22.3045,34.6166,217.6,8.0611,6.9632,3
882,32.48,22.181,34.6166,216.9,8.0615,6.9408,3
883,53.34,21.7693,34.8917,216,8.0578,6.912,3
884,77.87,20.9575,34.6166,195,8.0111,6.24,3
885,106.17,20.4194,34.9085,217,8.0379,6.944,3
886,126.03,20.1327,34.898,214.6,8.0278,6.8672,3
887,151.64,19.2976,34.8545,206.1,7.9962,6.5952,3
888,151.74,19.2958,34.8541,206.3,7.9976,6.6016,3
889,201.96,18.8857,34.8283,202.7,7.983,6.4864,3
890,251.78,18.321,34.7938,200.7,7.9654,6.4224,3
891,302.47,17.3954,34.6166,200.4,7.9476,6.4128,2
892,403.03,14.7398,34.5441,181.4,7.8543,5.8048,2
893,403.43,14.7349,34.5445,181.6,7.8562,5.8112,2
894,493.54,11.6743,34.3789,157.3,7.7392,5.0336,2
895,493.83,11.666,34.379,157.2,7.743,5.0304,2
896,0,24.1574,34.8441,211.3,8.0793,6.7616,2
897,10.83,24.0554,34.8455,211,8.0771,6.752,2
898,21.75,24.0029,34.6166,211.1,8.0797,6.7552,2
899,31.89,23.9141,34.6166,211.2,8.079,6.7584,3
900,47.88,23.5485,34.8418,213.1,8.0804,6.8192,3
901,76.08,21.394,34.6166,220.8,8.0561,7.0656,3
902,101.6,20.5036,34.8982,212.8,8.0298,6.8096,3
903,126.72,19.8977,34.6166,191.6,7.9811,6.1312,3
904,150.15,19.574,34.6166,193,7.9784,6.176,3
905,203.35,18.8382,34.8252,201.3,7.9794,6.4416,3
906,251.47,18.2219,34.6166,200,7.9679,6.4,3
907,300.58,17.5134,34.7429,198.3,7.9483,6.3456,2
908,300.68,17.5112,34.7424,198.3,7.9476,6.3456,2
909,403.91,15.134,34.5794,183.9,7.87,5.8848,2
910,500.46,11.3342,34.6166,155.8,7.7378,4.9856,2
911,604.09,8.9267,34.2972,129.9,7.6327,4.1568,1
912,703.11,7.7026,34.6166,112.2,7.5726,3.5904,1
913,802.48,6.7057,34.3184,99.2,7.5359,3.1744,1
914,904.08,6.3393,34.6166,94.5,7.5198,3.024,1
915,1015.72,5.9814,34.3198,90,7.5061,2.88,0
916,1016.31,5.9745,34.3191,89.4,7.504,2.8608,0
917,0,29.9704,34.6045,196.4,8.1027,6.2848,2
918,10.63,29.6913,34.5955,197.2,8.1018,6.3104,2
919,26.32,28.143,34.5741,206.6,8.0905,6.6112,2
920,50.26,25.3526,34.7737,213.8,8.0794,6.8416,2
921,75.68,22.9824,34.8619,213.7,8.0563,6.8384,3
922,100.61,21.9235,34.8881,204.8,8.0298,6.5536,3
923,125.73,21.4975,34.8959,202.1,8.0212,6.4672,3
924,150.15,21.1268,34.8934,200,8.0142,6.4,3
925,201.07,19.5464,34.8544,201.3,7.9935,6.4416,3
926,250.09,18.9965,34.8273,199.5,7.9763,6.384,3
927,250.79,18.9804,34.829,199.4,7.976,6.3808,3
928,300.49,18.1984,34.7734,192.6,7.9467,6.1632,3
929,401.84,14.9779,34.5706,178.8,7.8558,5.7216,2
930,474.71,11.4318,34.3899,151.5,7.7307,4.848,2
931,0,29.0553,34.4917,198.4,8.0996,6.3488,2
932,10.53,28.8943,34.4905,199.7,8.0996,6.3904,2
933,20.46,28.472,34.5177,201.8,8.0982,6.4576,2
934,20.56,28.4668,34.5168,201.5,8.0981,6.448,2
935,30.49,28.1329,34.5561,203,8.0974,6.496,2
936,51.75,26.6191,34.7247,207,8.0875,6.624,2
937,78.07,25.2409,34.8023,209.1,8.0787,6.6912,2
938,102,23.7089,34.8408,207.6,8.0579,6.6432,3
939,127.21,22.537,34.9349,201.7,8.0382,6.4544,3
940,153.72,21.8107,34.948,197.1,8.0243,6.3072,3
941,203.15,19.3797,34.8346,194.3,7.9728,6.2176,3
942,253.65,18.4422,34.7952,193.4,7.9571,6.1888,3
943,303.85,17.6839,34.7516,192.8,7.9388,6.1696,2
944,403.51,14.7485,34.5528,177.7,7.8499,5.6864,2
945,504.81,11.5678,34.3998,152.7,7.7346,4.8864,2
946,600.62,9.3098,34.3458,128.6,7.6434,4.1152,1
947,701.23,7.3624,34.325,106.8,7.5617,3.4176,1
948,800.7,6.7004,34.3229,98.7,7.5342,3.1584,1
949,802.09,6.7003,34.3236,99,7.5331,3.168,1
950,897.85,6.2368,34.3268,93.4,7.5116,2.9888,0
951,971.03,5.7775,34.6166,190.9,7.9316,6.1088,2
952,973.01,5.7768,34.3303,88,7.4983,2.816,0
953,975.48,5.7752,34.3305,88.3,7.4965,2.8256,0
954,0,27.6498,34.8463,199.5,8.1046,6.384,2
955,11.43,27.625,34.6166,190.9,7.9316,6.1088,2
956,27.02,27.624,34.8319,208.3,8.1051,6.6656,2
957,52.55,27.6255,34.8319,201.5,8.1063,6.448,2
958,76.89,27.6177,34.8318,200.2,8.1056,6.4064,2
959,102.12,24.7578,34.9923,207.2,8.0703,6.6304,2
960,126.25,22.8965,34.9896,198,8.034,6.336,3
961,152.06,21.8175,34.6166,196.8,8.0123,6.2976,3
962,202.89,19.6031,34.8685,197.2,7.9772,6.3104,3
963,252.32,17.9121,34.6166,148.7,7.9484,4.7584,2
964,301.63,16.8518,34.701,197.9,7.9286,6.3328,2
965,402.11,14.5287,34.7016,198.2,7.9312,6.3424,2
966,502.34,11.7975,34.3367,170.5,7.7584,5.456,2
967,602.33,9.1794,34.194,142.9,7.643,4.5728,1
968,702.16,7.17,34.1547,109.4,7.5335,3.5008,1
969,801.85,5.5891,34.1963,77.5,7.4505,2.48,0
970,903.18,4.8123,34.2816,62,7.4191,1.984,0
971,903.48,4.8094,34.2807,61.9,7.4235,1.9808,0
972,1001.78,4.2455,34.3433,59.3,7.4211,1.8976,0
973,1202.22,3.348,34.4302,62.2,7.4196,1.9904,0
974,1400.88,2.8431,34.5,74.5,7.4456,2.384,0
975,1602.41,2.4518,34.5506,90.1,7.4754,2.8832,0
976,1802.66,2.1676,34.5875,103.2,7.4969,3.3024,1
977,2002.53,2.0036,34.6113,112.9,7.519,3.6128,1
978,0,26.1237,34.7725,202.4,8.0942,6.4768,2
979,11.13,26.1395,34.6166,202.1,8.0925,6.4672,2
980,27.22,26.1101,34.6166,202.5,8.0914,6.48,2
981,52.55,25.8874,34.6166,205.7,8.0907,6.5824,2
982,54.04,25.8815,34.6166,202.7,8.0905,6.4864,2
983,75.68,25.7821,34.6166,202,8.0853,6.464,2
984,101.11,25.6365,34.6166,200.5,8.0772,6.416,2
985,128.81,24.8447,34.6166,195.9,8.0591,6.2688,2
986,153.33,23.426,34.6166,194.2,8.0346,6.2144,3
987,153.92,23.4289,34.6166,193.9,8.0359,6.2048,3
988,201.47,20.7024,34.6166,191,7.9913,6.112,3
989,253.46,18.7516,34.6166,191.7,7.9551,6.1344,3
990,302.18,17.3598,34.6166,191.9,7.9321,6.1408,2
991,404.32,14.1122,34.6166,174.5,7.8296,5.584,2
992,483.23,11.8447,34.6166,156.1,7.7475,4.9952,2
993,483.72,11.8379,34.6166,156.5,7.7416,5.008,2
994,0,25.3199,34.8326,204.9,8.0876,6.5568,2
995,9.93,25.334,34.8285,204.1,8.0923,6.5312,2
996,11.03,25.3361,34.8288,203.7,8.0873,6.5184,2
997,21.65,25.3329,34.6166,204.3,8.0852,6.5376,2
998,30.89,25.3341,34.6166,203.9,8.0888,6.5248,2
999,49.96,25.3254,34.6166,204.1,8.0904,6.5312,2
1000,73.99,25.3396,34.8288,203.9,8.0863,6.5248,2
1001,102,25.3255,34.8336,203.4,8.0875,6.5088,2
1002,126.12,23.9222,34.9069,195.3,8.0458,6.2496,3
1003,152.83,22.7048,34.9198,194.7,8.0345,6.2304,3
1004,201.16,20.169,34.8879,192.3,7.988,6.1536,3
1005,251.37,18.5244,34.8056,193,7.957,6.176,3
1006,303.06,17.2388,34.7266,193.7,7.9289,6.1984,2
1007,399.25,15.1946,34.5821,185,7.8708,5.92,2
1008,400.24,15.2105,34.5836,185,7.8716,5.92,2
1009,504.42,13.0142,34.46,165.8,7.7897,5.3056,2
1010,603.89,9.3382,34.3498,126.5,7.6414,4.048,1
1011,702.02,7.4354,34.3368,105.7,7.5634,3.3824,1
1012,800.9,6.5367,34.3404,96.1,7.5276,3.0752,1
1013,898.05,6.1225,34.3427,91.3,7.5086,2.9216,0
1014,1000.89,5.7376,34.3478,86.9,7.492,2.7808,0
1015,1026.39,5.6668,34.3494,86.4,7.4916,2.7648,0
1016,0,23.5722,34.9284,208.6,8.0676,6.6752,3
1017,12.12,23.5871,34.9152,207.4,8.0708,6.6368,3
1018,21.75,23.5931,34.6166,207.4,8.0714,6.6368,3
1019,31.89,23.5868,34.6166,207,8.074,6.624,3
1020,50.86,23.553,34.9141,207.6,8.0722,6.6432,3
1021,74.69,23.5177,34.9135,207.7,8.0668,6.6464,3
1022,74.89,23.5188,34.9131,207.7,8.0695,6.6464,3
1023,100.91,23.4722,34.9106,207.7,8.0658,6.6464,3
1024,125.43,23.3486,34.9152,203.8,8.054,6.5216,3
1025,151.44,23.2413,34.9241,197.8,8.0383,6.3296,3
1026,200.28,21.035,34.9406,190.4,7.9832,6.0928,3
1027,251.38,20.0281,34.9029,189.3,7.9681,6.0576,3
1028,304.36,18.3574,34.7994,189.2,7.9381,6.0544,3
1029,401.65,15.2571,34.5851,181.9,7.8568,5.8208,2
1030,488.68,12.7324,34.4412,163.7,7.7704,5.2384,2
1031,488.88,12.7361,34.4412,163.7,7.7713,5.2384,2
1032,0,23.094,34.9207,210.3,8.0644,6.7296,3
1033,11.03,23.1066,34.9119,209.3,8.0659,6.6976,3
1034,20.56,23.109,34.9115,209.4,8.066,6.7008,3
1035,30.89,23.1109,34.6166,209.5,8.0683,6.704,3
1036,51.15,23.1008,34.91,208.9,8.0657,6.6848,3
1037,75.68,22.888,34.6166,208.9,8.0605,6.6848,3
1038,100.51,22.8835,34.9044,208.7,8.0606,6.6784,3
1039,100.9,22.8839,34.9026,208.8,8.0587,6.6816,3
1040,126.22,22.8793,34.6166,208.7,8.0585,6.6784,3
1041,151.14,22.8779,34.9043,208.2,8.0546,6.6624,3
1042,201.16,21.9515,34.9343,189.6,8.0005,6.0672,3
1043,251.47,19.4622,34.6166,188.7,7.9544,6.0384,3
1044,300.68,17.3854,34.7201,187.7,7.9105,6.0064,2
1045,401.33,14.6571,34.5428,178.7,7.8366,5.7184,2
1046,500.95,12.0057,34.3892,158,7.7377,5.056,2
1047,601.41,9.2552,34.3256,128.5,7.6289,4.112,1
1048,700.53,7.6373,34.3291,108.7,7.5633,3.4784,1
1049,800.7,6.7396,34.335,100,7.5302,3.2,1
1050,800.9,6.7408,34.3354,98.2,7.5239,3.1424,1
1051,900.32,6.27,34.3411,92.4,7.5073,2.9568,0
1052,1000.89,5.7048,34.3502,86.4,7.4809,2.7648,0
1053,1012.95,5.6992,34.3515,86.1,7.4887,2.7552,0
1054,0,26.0472,34.4035,205.9,8.0901,6.5888,2
1055,11.23,26.0252,34.4013,206.1,8.0896,6.5952,2
1056,26.13,25.3375,34.5257,209.5,8.0857,6.704,2
1057,50.96,23.0009,35.0544,219,8.0698,7.008,2
1058,76.29,21.903,34.6166,212.8,8.0493,6.8096,3
1059,102.31,20.9471,35.01,209.7,8.0293,6.7104,2
1060,129.92,20.0471,34.9615,209.1,8.0142,6.6912,3
1061,152.76,19.4072,34.9256,198.3,7.9823,6.3456,3
1062,202.39,18.3736,34.8472,200.7,7.9694,6.4224,3
1063,251.92,17.5132,34.7658,196,7.9429,6.272,2
1064,301.43,16.4018,34.6754,198.9,7.9222,6.3648,2
1065,401.32,14.0323,34.4953,179.8,7.8361,5.7536,2
1066,500.86,10.5726,34.2914,156.2,7.7095,4.9984,2
1067,603.81,8.3385,34.2036,132.6,7.6159,4.2432,1
1068,700.98,6.0637,34.1852,95.3,7.4992,3.0496,1
1069,801.76,5.0899,34.2849,74.4,7.457,2.3808,0
1070,900.51,4.1497,34.3526,63.6,7.4316,2.0352,0
1071,900.71,4.149,34.353,63.8,7.431,2.0416,0
1072,1002.87,3.5913,34.4126,64.3,7.43,2.0576,0
1073,1201.82,2.9426,34.4833,69.9,7.4408,2.2368,0
1074,1401.47,2.494,34.5375,83.4,7.4644,2.6688,0
1075,1602.31,2.252,34.5719,94.4,7.4885,3.0208,1
1076,1801.28,2.0733,34.6006,107.7,7.5131,3.4464,1
1077,1802.76,2.0729,34.6012,107.4,7.512,3.4368,1
1078,2002.73,1.9103,34.6243,118.2,7.5318,3.7824,1
1079,0,27.2539,34.4448,204,8.0878,6.528,2
1080,12.32,27.2095,34.4409,204.3,8.0867,6.5376,2
1081,26.42,25.5601,34.6151,210.6,8.0801,6.7392,2
1082,52.45,24.0082,34.792,214,8.0712,6.848,2
1083,76.48,22.6187,34.9439,214.3,8.0555,6.8576,3
1084,102.2,21.9814,34.9704,206.9,8.0394,6.6208,3
1085,125.93,21.1683,34.9819,202.9,8.022,6.4928,3
1086,150.65,20.8312,34.9724,202,8.0163,6.464,3
1087,200.77,19.8569,34.9274,203.7,8.0019,6.5184,3
1088,252.27,18.7362,34.8679,201.5,7.9775,6.448,3
1089,302.67,17.7415,34.8032,202.4,7.9579,6.4768,2
1090,402.14,15.2925,34.5985,184.5,7.8723,5.904,2
1091,478.37,12.2876,34.4013,164.7,7.7682,5.2704,2
1092,478.87,12.2606,34.4023,164.9,7.7685,5.2768,2
1093,0,28.0181,34.4299,201.8,8.0919,6.4576,2
1094,11.52,26.4023,34.5247,207.8,8.0879,6.6496,2
1095,21.36,25.8776,34.5935,209.8,8.0853,6.7136,2
1096,31.39,24.6571,34.7508,213.2,8.0733,6.8224,2
1097,51.35,23.963,34.8091,214.5,8.0738,6.864,3
1098,76.68,22.9375,34.8948,210.5,8.0571,6.736,3
1099,101.2,22.3067,34.9515,205.2,8.037,6.5664,3
1100,125.82,21.4858,34.9882,207,8.0325,6.624,3
1101,152.73,20.6335,34.9571,199.4,8.0061,6.3808,3
1102,201.26,19.6804,34.9036,202.4,7.9949,6.4768,3
1103,251.37,18.8488,34.868,202.6,7.9796,6.4832,3
1104,301.77,18.1315,34.8647,212.6,7.985,6.8032,3
1105,301.87,18.1322,34.865,212.8,7.9836,6.8096,3
1106,400.34,15.7125,34.6137,190.7,7.8902,6.1024,2
1107,500.36,12.1385,34.3917,163.7,7.7619,5.2384,2
1108,601.11,8.4491,34.3196,120.6,7.6102,3.8592,1
1109,703.6,7.3621,34.3289,106,7.5644,3.392,1
1110,802.28,6.7679,34.3362,98.8,7.5377,3.1616,1
1111,802.78,6.7662,34.3352,98.7,7.5371,3.1584,1
1112,901.31,6.1452,34.34,91.9,7.5149,2.9408,0
1113,1002.57,5.8138,34.3419,87.4,7.504,2.7968,0
1114,1017.89,5.7667,34.3429,87.2,7.501,2.7904,0
1115,0,24.6204,34.8934,209.4,8.0871,6.7008,2
1116,11.23,24.6219,34.6166,209,8.0918,6.688,2
1117,11.33,24.6197,34.6166,190.9,7.9316,6.1088,2
1118,26.53,24.6261,34.6166,208.7,8.0913,6.6784,2
1119,50.77,24.6119,34.6166,208.9,8.0956,6.6848,2
1120,75.8,24.6184,34.6166,208.6,8.0899,6.6752,2
1121,101.32,22.3936,34.6166,190.9,7.9316,6.1088,3
1122,101.42,22.379,34.6166,213.5,8.0459,6.832,3
1123,124.76,21.399,34.6166,208.3,8.0278,6.6656,3
1124,151.17,20.4383,34.6166,190.9,7.9316,6.1088,3
1125,151.27,20.4357,34.6166,200.3,8.0062,6.4096,3
1126,200.71,18.5849,34.6166,201.6,7.9777,6.4512,3
1127,251.32,17.6279,34.6166,200,7.9546,6.4,2
1128,251.52,17.6262,34.6166,199.5,7.9533,6.384,2
1129,301.53,16.6892,34.6166,195.4,7.9246,6.2528,2
1130,401.22,13.9316,34.6166,182.2,7.835,5.8304,2
1131,500.36,11.1459,34.6166,167.3,7.7361,5.3536,2
1132,600.74,8.1823,34.6166,133.9,7.6054,4.2848,1
1133,700.98,6.4075,34.6166,105.9,7.5136,3.3888,1
1134,801.46,5.1433,34.6166,78.8,7.4459,2.5216,0
1135,900.81,4.3681,34.6166,63.7,7.4164,2.0384,0
1136,1002.28,3.9081,34.6166,59.3,7.4085,1.8976,0
1137,1200.64,3.1554,34.6166,65.3,7.4219,2.0896,0
1138,1403.15,2.6812,34.6166,77.4,7.4477,2.4768,0
1139,1601.03,2.3227,34.6166,93.6,7.4806,2.9952,0
1140,1601.33,2.3226,34.6166,93.6,7.4805,2.9952,0
1141,1801.58,2.1011,34.6166,106.1,7.507,3.3952,1
1142,2002.14,1.9484,34.6166,116.5,7.5222,3.728,1
1143,0,23.5938,34.8069,209.3,8.0705,6.6976,3
1144,10.83,23.6021,34.6166,209,8.0757,6.688,3
1145,27.22,23.6019,34.6166,208.5,8.0757,6.672,3
1146,51.45,23.5929,34.6166,209.6,8.0763,6.7072,3
1147,77.97,23.5079,34.6166,209.9,8.0739,6.7168,3
1148,103.99,23.4216,34.6166,210.5,8.0696,6.736,3
1149,125.23,23.3772,34.6166,210,8.0666,6.72,3
1150,152.43,21.7052,34.6166,196,8.0141,6.272,3
1151,203.05,19.7927,34.6166,192,7.9721,6.144,3
1152,250.39,18.3546,34.6166,190.3,7.9517,6.0896,3
1153,251.58,18.3321,34.6166,190.5,7.9495,6.096,3
1154,304.46,16.39,34.6166,187.1,7.8982,5.9872,2
1155,403.33,13.2893,34.6166,170.4,7.8031,5.4528,2
1156,492.84,10.8089,34.6166,146.7,7.6995,4.6944,2
1157,0,23.4577,34.9158,211.8,8.0771,6.7776,3
1158,10.93,23.4595,34.6166,210.9,8.0758,6.7488,3
1159,22.35,23.4655,34.6166,210.7,8.0713,6.7424,3
1160,31.49,23.4694,34.6166,210.8,8.0777,6.7456,3
1161,51.95,23.4773,34.6166,210.3,8.0772,6.7296,3
1162,76.18,23.4789,34.6166,210.7,8.0735,6.7424,3
1163,102.29,23.4322,34.897,210.2,8.0773,6.7264,3
1164,126.22,21.7026,34.6166,193.3,8.0133,6.1856,3
1165,127.71,21.663,34.6166,193.7,8.0155,6.1984,3
1166,151.14,20.7557,34.6166,193.6,7.9982,6.1952,3
1167,203.05,19.2338,34.9016,195.3,7.9742,6.2496,3
1168,253.75,17.9243,34.6166,192.2,7.9356,6.1504,2
1169,304.15,17.2496,34.7472,191.2,7.9222,6.1184,2
1170,403.71,14.0394,34.498,177.4,7.8302,5.6768,2
1171,501.45,11.7037,34.6166,161,7.7444,5.152,2
1172,601.71,8.4244,34.2664,124.6,7.6041,3.9872,1
1173,700.63,7.4098,34.6166,107.9,7.56,3.4528,1
1174,701.62,7.4048,34.6166,108.3,7.5627,3.4656,1
1175,799.91,6.7285,34.3277,99.1,7.5307,3.1712,1
1176,900.22,6.1013,34.3344,91.4,7.5083,2.9248,0
1177,1000.2,5.7042,34.6166,86.8,7.4913,2.7776,0
1178,1026.49,5.646,34.3339,86.2,7.4917,2.7584,0
1179,0,26.0122,34.6271,209.1,8.0815,6.6912,2
1180,10.83,25.8141,34.6138,210.5,8.0855,6.736,2
1181,25.93,25.0192,34.6612,212.7,8.0835,6.8064,2
1182,53.44,22.8657,34.7719,217.5,8.0742,6.96,3
1183,76.18,22.1867,34.8248,213.3,8.0589,6.8256,3
1184,101.5,21.6686,34.8633,202.2,8.0339,6.4704,3
1185,126.72,21.018,34.8875,196.9,8.0154,6.3008,3
1186,151.74,20.605,34.8907,195.5,8.0047,6.256,3
1187,201.47,19.2625,34.8707,191.7,7.9718,6.1344,3
1188,251.48,18.566,34.835,190.9,7.9569,6.1088,3
1189,301.08,17.4327,34.7607,189.3,7.9305,6.0576,2
1190,402.84,14.952,34.5741,179.1,7.8561,5.7312,2
1191,486.6,12.5449,34.4533,161.5,7.7764,5.168,2
1192,487,12.5243,34.4526,161.3,7.7776,5.1616,2
1193,0,26.0371,34.6266,207,8.0814,6.624,2
1194,11.32,26.0218,34.6191,207.6,8.0837,6.6432,2
1195,21.36,25.1329,34.6058,212,8.0865,6.784,2
1196,31.59,24.6083,34.613,213.7,8.0861,6.8384,2
1197,51.15,23.9356,34.6759,213.5,8.0705,6.832,3
1198,76.48,23.192,34.7469,209.7,8.065,6.7104,3
1199,101,22.7605,34.7827,206.1,8.0558,6.5952,3
1200,126.72,22.4183,34.8236,204,8.0511,6.528,3
1201,152.63,22.0299,34.8871,199,8.0344,6.368,3
1202,202.05,20.5253,34.9056,194.5,7.9942,6.224,3
1203,251.77,18.7197,34.8368,191.2,7.9606,6.1184,3
1204,301.67,17.3682,34.7579,190.9,7.9257,6.1088,2
1205,403.51,15.8653,34.6473,185,7.8902,5.92,2
1206,403.61,15.8651,34.645,185,7.8876,5.92,2
1207,503.72,12.6065,34.4445,159.3,7.7709,5.0976,2
1208,601.21,10.2772,34.3651,134.3,7.6736,4.2976,2
1209,601.31,10.2777,34.3661,134.4,7.6741,4.3008,2
1210,700.24,7.6818,34.3451,106.7,7.5733,3.4144,1
1211,801.39,6.8924,34.3444,99,7.5414,3.168,1
1212,901.41,6.3724,34.348,93.6,7.5241,2.9952,0
1213,1003.95,6.0662,34.3537,91.9,7.514,2.9408,0
1214,1004.15,6.0655,34.3546,190.9,7.9316,6.1088,2
1215,1018.38,6.0635,34.3552,91.2,7.5172,2.9184,0
1216,0,26.2204,34.5984,203.88,8.0905,6.52416,2
1217,9.24,26.2172,34.6058,203.97,8.0929,6.52704,2
1218,23.646,26.2217,34.6166,203.92,8.0931,6.52544,2
1219,48.78,26.2152,34.6087,204.12,8.0975,6.53184,2
1220,74.705,26.0296,34.6166,205.15,8.0853,6.5648,2
1221,97.846,24.5415,34.7143,203.23,8.0543,6.50336,2
1222,125.055,22.5267,34.9396,205.91,8.0297,6.58912,3
1223,149.779,20.566,34.9758,195.25,7.9852,6.248,3
1224,200.806,19.0302,34.9043,196.35,7.9636,6.2832,3
1225,250.034,18.151,34.8441,197.22,7.948,6.31104,3
1226,250.233,18.1512,34.8447,197.31,7.9477,6.31392,3
1227,303.616,17.3097,34.7907,199.04,7.9337,6.36928,2
1228,404.094,15.0402,34.5834,189.73,7.8673,6.07136,2
1229,504.622,11.3322,34.3105,166.11,7.7364,5.31552,2
1230,604.705,8.8121,34.2104,137.23,7.6275,4.39136,1
1231,699.392,6.8629,34.1432,112.03,7.5315,3.58496,1
1232,797.995,5.5669,34.1742,87.43,7.4634,2.79776,0
1233,895.761,4.6823,34.2431,67.57,7.4222,2.16224,0
1234,996.941,4.0481,34.3184,58.04,7.4021,1.85728,0
1235,1196.29,3.2673,34.447,63.05,7.419,2.0176,0
1236,1390.416,2.7952,34.5052,74.2,7.4409,2.3744,0
1237,1592.251,2.4123,34.5495,87.53,7.4662,2.80096,0
1238,1592.941,2.4113,34.5504,87.63,7.4687,2.80416,0
1239,1794.091,2.1402,34.5892,102.69,7.4986,3.28608,1
1240,1998.889,1.9886,34.6123,113.67,7.5181,3.63744,1
1241,0,23.6001,34.6835,216.03,8.0692,6.91296,3
1242,10.035,23.5773,34.6839,216.29,8.0656,6.92128,3
1243,26.03,23.5544,34.6166,216.21,8.0704,6.91872,3
1244,50.965,21.4293,34.8296,222.4,8.0524,7.1168,3
1245,75.698,20.7059,34.6166,214.74,8.0378,6.87168,3
1246,101.619,20.2304,34.8583,205.24,8.0193,6.56768,3
1247,126.346,19.7556,34.6166,195.68,7.9902,6.26176,3
1248,150.077,18.9979,34.6166,192.86,7.9742,6.17152,3
1249,199.714,17.8165,34.8012,193.57,7.9496,6.19424,2
1250,250.828,17.0577,34.6166,196.66,7.9407,6.29312,2
1251,250.928,17.0669,34.6166,196.76,7.9383,6.29632,2
1252,299.548,15.8633,34.6508,197.07,7.9031,6.30624,2
1253,401.02,13.0845,34.4375,176.43,7.8089,5.64576,2
1254,499.468,10.7117,34.6166,161.56,7.7249,5.16992,2
1255,599.851,8.0124,34.1818,130.78,7.6071,4.18496,1
1256,700.977,6.4761,34.6166,99.41,7.5247,3.18112,1
1257,798.194,5.1062,34.2574,74.59,7.4592,2.38688,0
1258,898.531,4.3501,34.6166,64.94,7.4283,2.07808,0
1259,999.018,3.7696,34.3894,63.37,7.435,2.02784,0
1260,1201.526,3.1308,34.4637,68.8,7.4457,2.2016,0
1261,1399.99,2.5978,34.6166,79.29,7.464,2.53728,0
1262,1600.239,2.2702,34.5682,94.64,7.4971,3.02848,1
1263,1797.245,2.074,34.5971,106.8,7.5173,3.4176,1
1264,1997.709,1.9295,34.6191,117.03,7.5345,3.74496,1
1265,0,26.2695,34.2962,204.83,8.0889,6.55456,2
1266,9.04,26.1375,34.3255,205.32,8.0873,6.57024,2
1267,19.171,26.1143,34.6166,205.52,8.0848,6.57664,2
1268,29.501,25.882,34.507,208.53,8.0889,6.67296,2
1269,48.968,24.1716,34.6166,212.08,8.0716,6.78656,2
1270,72.405,22.925,34.6166,210.5,8.051,6.736,3
1271,104.478,21.9572,34.8522,200.86,8.0259,6.42752,3
1272,127.611,21.574,34.6166,197.65,8.0188,6.3248,3
1273,149.252,20.9555,34.6166,191.19,7.9914,6.11808,3
1274,198.085,19.4751,34.8766,192.38,7.9708,6.15616,3
1275,245.617,18.478,34.6166,191.58,7.9528,6.13056,3
1276,302.164,17.0166,34.7472,193.28,7.9181,6.18496,2
1277,398.855,14.3988,34.5268,179.9,7.8396,5.7568,2
1278,399.053,14.3951,34.5264,179.68,7.8409,5.74976,2
1279,496.986,12.2589,34.6166,165,7.7586,5.28,2
1280,598.736,9.2152,34.2341,141.87,7.6463,4.53984,1
1281,599.528,9.2103,34.2337,141.86,7.6514,4.53952,1
1282,702.614,7.2791,34.3153,104.76,7.559,3.35232,1
1283,800.403,6.8026,34.325,99.13,7.5375,3.17216,1
1284,897.85,6.2615,34.3333,93.09,7.5185,2.97888,0
1285,1002.073,5.874,34.3437,88.91,7.5083,2.84512,0
1286,0,25.7153,34.0375,208.5,8.0782,6.672,2
1287,9.835,25.4962,34.0391,209.2,8.0917,6.6944,2
1288,24.834,25.2495,34.1969,210.52,8.082,6.73664,2
1289,50.062,23.8077,34.6166,214.18,8.0688,6.85376,3
1290,74.99,22.9524,34.6166,203.11,8.0559,6.49952,3
1291,99.914,22.3311,34.7976,203.99,8.0437,6.52768,3
1292,124.935,22.0461,34.6166,199.57,8.0301,6.38624,3
1293,150.349,21.5629,34.6166,198.87,8.0254,6.36384,3
1294,201.963,19.7143,34.8355,189.15,7.9748,6.0528,3
1295,202.36,19.703,34.8351,189.16,7.9684,6.05312,3
1296,251.282,17.7709,34.6166,192.05,7.9385,6.1456,2
1297,302.969,16.4616,34.6977,188.43,7.9035,6.02976,2
1298,401.745,14.0493,34.5125,176.44,7.8288,5.64608,2
1299,479.165,12.2757,34.4144,160.23,7.7565,5.12736,2
1300,479.264,12.269,34.6166,160.17,7.764,5.12544,2
1301,0,27.718,33.8931,202.52,8.0789,6.48064,2
1302,10.332,26.866,34.0163,205.6,8.0775,6.5792,2
1303,25.234,25.0444,34.685,212.91,8.0657,6.81312,2
1304,48.975,23.2935,34.6166,218.93,8.0573,7.00576,3
1305,74.899,22.4366,34.8068,217.51,8.0444,6.96032,3
1306,102.507,21.6514,34.6166,216.69,8.0368,6.93408,3
1307,125.147,21.1636,34.8295,206.21,8.0078,6.59872,3
1308,150.862,20.3643,34.6166,199.96,7.9847,6.39872,3
1309,202.779,18.902,34.8422,191.96,7.9417,6.14272,3
1310,252.302,17.651,34.6166,195.08,7.924,6.24256,2
1311,301.713,16.7835,34.7306,194.37,7.9058,6.21984,2
1312,399.707,13.9137,34.6166,180.62,7.8117,5.77984,2
1313,499.438,10.6186,34.2615,160.36,7.6948,5.13152,2
1314,599.022,8.1493,34.6166,131.18,7.5844,4.19776,1
1315,701.133,6.4522,34.1915,96.47,7.4916,3.08704,1
1316,801.807,5.309,34.6166,74.36,7.4447,2.37952,0
1317,900.06,4.7833,34.3522,71.65,7.4409,2.2928,0
1318,1002.912,4.0218,34.6166,68.56,7.4285,2.19392,0
1319,1201.157,3.2181,34.4816,75.16,7.4442,2.40512,0
1320,1401.484,2.6021,34.6166,80.82,7.4476,2.58624,0
1321,1601.522,2.3348,34.5603,91.39,7.4665,2.92448,0
1322,1800.386,2.1437,34.6166,101.41,7.4858,3.24512,1
1323,2002.312,2.0215,34.6171,114.95,7.5132,3.6784,1
1324,2249.855,1.8682,34.6166,123.71,7.5298,3.95872,1
1325,2500.94,1.7666,34.6468,130.44,7.5411,4.17408,1
1326,2751.93,1.6812,34.6557,136.7,7.551,4.3744,1
1327,3001.062,1.6282,34.6641,141.16,7.5583,4.51712,1
1328,3250.789,1.5939,34.6166,144.8,7.5658,4.6336,1
1329,3501.306,1.582,34.6681,147.1,7.5687,4.7072,1
1330,3749.488,1.5829,34.6737,149.58,7.5748,4.78656,1
1331,4000.609,1.5888,34.674,150.19,7.5728,4.80608,1
1332,4501.029,1.6197,34.6793,153.06,7.5769,4.89792,1
1333,4999.072,1.6683,34.6806,154.56,7.5803,4.94592,1
1334,5251.029,1.6981,34.6816,154.89,7.581,4.95648,1
1335,5499.51,1.7293,34.6818,155.1,7.5803,4.9632,1
1336,5749.56,1.7638,34.6821,155.62,7.5816,4.97984,1
1337,6000.885,1.7994,34.6814,155.61,7.5807,4.97952,1
1338,0,28.8661,34.3828,198.73,8.0835,6.35936,2
1339,10.731,28.6674,34.3754,199.46,8.0803,6.38272,2
1340,25.633,27.0379,34.5878,207.75,8.0781,6.648,2
1341,49.773,25.3389,34.6166,207.22,8.0637,6.63104,2
1342,74.307,23.9486,34.8302,201.73,8.043,6.45536,3
1343,98.839,23.1872,34.6166,195.88,8.0213,6.26816,3
1344,123.764,22.4667,34.8945,192.03,8.002,6.14496,3
1345,150.176,21.4862,34.6166,190.36,7.9826,6.09152,3
1346,199.317,19.679,34.88,189.69,7.9516,6.07008,3
1347,250.034,18.2277,34.6166,193.88,7.9346,6.20416,3
1348,299.747,16.8932,34.7354,193.91,7.9041,6.20512,2
1349,400.425,14.5557,34.5358,185.95,7.8397,5.9504,2
1350,500.459,11.2102,34.3004,166.75,7.721,5.336,2
1351,601.535,8.6193,34.6166,135.08,7.6049,4.32256,1
1352,700.878,6.6425,34.1802,101.27,7.5038,3.24064,1
1353,800.272,5.444,34.6166,77.09,7.4456,2.46688,0
1354,898.729,4.6083,34.2826,66.16,7.4142,2.11712,0
1355,1000.402,4.068,34.3785,64.84,7.4212,2.07488,0
1356,1201.032,3.2995,34.481,74.38,7.4433,2.38016,0
1357,1401.47,2.8047,34.5285,83.6,7.4605,2.6752,0
1358,1600.534,2.45,34.5639,93.31,7.4734,2.98592,0
1359,1601.224,2.4479,34.5636,93,7.4731,2.976,0
1360,1800.396,2.1859,34.5887,103.01,7.4889,3.29632,1
1361,2001.842,2.004,34.6141,113.61,7.5119,3.63552,1
1362,0,27.8835,34.2148,202.61,8.0742,6.48352,2
1363,10.331,27.3595,34.2244,204,8.0797,6.528,2
1364,24.238,24.8196,34.5406,214.28,8.0548,6.85696,2
1365,24.437,24.8119,34.5408,214.21,8.0593,6.85472,2
1366,49.467,23.2265,34.6166,218.02,8.0549,6.97664,3
1367,73.699,22.4581,34.7588,215.02,8.0415,6.88064,3
1368,99.418,22.0752,34.6166,210.25,8.0315,6.728,3
1369,125.034,21.6206,34.8044,208.8,8.0186,6.6816,3
1370,148.463,21.279,34.6166,207.44,8.0111,6.63808,3
1371,202.955,20.4063,34.8291,196.99,7.9841,6.30368,3
1372,249.496,19.283,34.6166,193.4,7.9563,6.1888,3
1373,299.795,17.0815,34.7283,189.03,7.9053,6.04896,2
1374,402.34,13.1949,34.4653,170.19,7.7828,5.44608,2
1375,483.427,11.7471,34.4015,158,7.7297,5.056,2
1376,483.824,11.7227,34.6166,157.24,7.73,5.03168,2
1377,0,27.865,34.2288,190.9,8.0824,6.1088,2
1378,9.834,27.8531,34.2352,201.94,8.0779,6.46208,2
1379,20.363,26.2166,34.6166,208.36,8.0715,6.66752,2
1380,31.587,24.1607,34.6166,218.67,8.0588,6.99744,2
1381,49.961,23.2341,34.6186,220.34,8.05,7.05088,3
1382,75.186,22.6749,34.7223,217.65,8.0395,6.9648,3
1383,75.285,22.6738,34.7231,217.13,8.0434,6.94816,3
1384,100.01,21.6591,34.798,210.39,8.0323,6.73248,3
1385,124.533,21.346,34.6166,206.59,8.0137,6.61088,3
1386,149.649,20.9239,34.6166,203.21,8.0026,6.50272,3
1387,202.948,19.7573,34.8471,192.52,7.9665,6.16064,3
1388,251.173,18.9024,34.6166,192.51,7.9501,6.16032,3
1389,300.181,17.6744,34.7854,195.58,7.9265,6.25856,2
1390,402.523,15.046,34.6166,183.88,7.8512,5.88416,2
1391,499.365,11.7902,34.3502,166.55,7.7423,5.3296,2
1392,597.646,9.3982,34.6166,133.29,7.6357,4.26528,1
1393,703.901,7.5426,34.3282,109.15,7.5604,3.4928,1
1394,706.574,7.5347,34.3294,109.25,7.5631,3.496,1
1395,797.831,6.7693,34.6166,99.1,7.5254,3.1712,1
1396,898.939,6.3193,34.3362,93.69,7.5072,2.99808,0
1397,999.602,5.9061,34.6166,190.9,7.9316,6.1088,2
1398,1000.294,5.9038,34.3342,88.45,7.4907,2.8304,0
1399,1033.706,5.8304,34.3349,87.46,7.485,2.79872,0
1400,0,28.6282,34.298,197.43,8.0836,6.31776,2
1401,9.34,28.5772,34.3011,198.24,8.0836,6.34368,2
1402,24.84,27.8088,34.3308,201.1,8.0811,6.4352,2
1403,48.87,26.3694,34.4307,206.25,8.0777,6.6,2
1404,74,24.0525,34.7757,220.73,8.0634,7.06336,2
1405,98.93,23.0455,34.8416,212.8,8.0438,6.8096,3
1406,124.55,21.6378,34.8186,213.08,8.0287,6.81856,3
1407,150.36,20.61,34.8483,196.31,7.9892,6.28192,3
1408,150.46,20.6115,34.8477,196.58,7.9896,6.29056,3
1409,203.07,18.4959,34.8072,193.48,7.9498,6.19136,3
1410,249.81,17.4384,34.7602,198.25,7.9325,6.344,2
1411,299.12,16.5959,34.7042,193.77,7.9063,6.20064,2
1412,398.5,13.3274,34.4476,179.52,7.8035,5.74464,2
1413,433.7,12.8438,34.4193,176.08,7.7882,5.63456,2
1414,434,12.8424,34.4202,176.5,7.7912,5.648,2
1415,0,28.7435,34.2517,196.3,8.0848,6.2816,2
1416,9.74,28.3758,34.2376,198.89,8.078,6.36448,2
1417,24.54,28.1021,34.3207,199.59,8.0814,6.38688,2
1418,49.47,24.7807,34.7766,221.72,8.0685,7.09504,2
1419,74.7,23.2432,34.8235,220.83,8.0533,7.06656,3
1420,99.92,21.9513,34.8141,214.94,8.0364,6.87808,3
1421,124.15,21.1425,34.8217,202.43,8.0069,6.47776,3
1422,149.47,20.7157,34.9219,185.36,7.9682,5.93152,3
1423,199.8,18.8194,34.8372,187.88,7.938,6.01216,3
1424,248.62,17.5042,34.7662,193.83,7.9211,6.20256,2
1425,280.57,16.7778,34.7196,192.27,7.9083,6.15264,2
1426,370.84,14.4644,34.5356,185.23,7.8414,5.92736,2
1427,371.93,14.461,34.5357,185.08,7.8413,5.92256,2
1428,470.38,11.4575,34.3155,173.38,7.7479,5.54816,2
1429,570.57,9.0857,34.1971,141.38,7.6362,4.52416,1
1430,670.91,6.6608,34.1848,103.57,7.5185,3.31424,1
1431,769.22,5.7685,34.2187,87.15,7.4779,2.7888,0
1432,870.85,4.9132,34.3135,73.38,7.4483,2.34816,0
1433,969.07,4.3429,34.3895,72.9,7.4535,2.3328,0
1434,1131.47,3.4453,34.4594,72.6,7.451,2.3232,0
1435,1330.08,2.8252,34.4948,72.94,7.4393,2.33408,0
1436,1529.99,2.4629,34.5412,85.48,7.4659,2.73536,0
1437,1729.4,2.1774,34.5801,99.76,7.4911,3.19232,1
1438,1929.82,1.962,34.612,113.78,7.5207,3.64096,1
1439,2052.14,1.931,34.6188,116.97,7.529,3.74304,1
1440,0,28.91,34.3837,195.98,8.082,6.27136,2
1441,9.54,28.9289,34.3773,196.4,8.0827,6.2848,2
1442,49.37,27.1491,34.3871,203.07,8.081,6.49824,2
1443,99.13,22.4138,34.8424,213.82,8.0359,6.84224,3
1444,150.07,20.5647,34.8578,194.68,7.9849,6.22976,3
1445,201.39,18.903,34.8156,191.82,7.9506,6.13824,3
1446,248.03,17.7618,34.7796,191.3,7.9253,6.1216,2
1447,329.69,15.6876,34.6226,191.15,7.8766,6.1168,2
1448,430.54,13.3174,34.4394,178.62,7.8022,5.71584,2
1449,529.76,10.1617,34.2343,158.75,7.687,5.08,2
1450,632.7,7.6242,34.1292,132.83,7.5806,4.25056,1
1451,732.52,6.0259,34.1478,96.46,7.4844,3.08672,1
1452,831.99,5.1254,34.2333,72.99,7.4369,2.33568,0
1453,932.21,4.427,34.3021,63.15,7.4168,2.0208,0
1454,1073.1,3.6041,34.3968,61.27,7.4194,1.96064,0
1455,1271.67,3.0043,34.471,70.49,7.4386,2.25568,0
1456,1473.02,2.5915,34.5241,80.47,7.4571,2.57504,0
1457,1671.71,2.3031,34.5653,93.45,7.4823,2.9904,0
1458,1872.67,2.1014,34.5944,106.02,7.5054,3.39264,1
1459,2071.18,1.953,34.6188,116.98,7.5275,3.74336,1
1460,2269.71,1.8369,34.6358,125.52,7.5437,4.01664,1
1461,2469.62,1.7753,34.6451,130.74,7.5515,4.18368,1
1462,2669.15,1.7038,34.6533,135.1,7.5586,4.3232,1
1463,2870.35,1.6591,34.659,138.78,7.5653,4.44096,1
1464,3078.82,1.6185,34.6589,140.93,7.5681,4.50976,1
1465,3330.12,1.5947,34.669,146.61,7.5765,4.69152,1
1466,3579.76,1.58,34.6728,148.65,7.5822,4.7568,1
1467,3828.93,1.578,34.6719,150.27,7.5843,4.80864,1
1468,4078.2,1.589,34.6782,152.34,7.5842,4.87488,1
1469,4326.81,1.6033,34.6788,153.66,7.5869,4.91712,1
1470,4579.23,1.6249,34.6801,154.4,7.5897,4.9408,1
1471,4827.28,1.6492,34.6798,154.86,7.5894,4.95552,1
1472,5077.68,1.6764,34.6804,155.57,7.5905,4.97824,1
1473,5327.32,1.7069,34.6811,155.41,7.5894,4.97312,1
1474,5577.85,1.7406,34.6811,155.65,7.5935,4.9808,1
1475,5828.01,1.776,34.6808,155.49,7.5933,4.97568,1
1476,6000.1,1.8004,34.6819,155.99,7.5918,4.99168,1
1477,0,29.2584,34.3926,192.85,8.0896,6.1712,2
1478,10.53,29.26,34.3506,194.49,8.0894,6.22368,2
1479,25.04,28.6289,34.4023,197.53,8.0903,6.32096,2
1480,49.67,25.8718,34.6167,216.49,8.0788,6.92768,2
1481,74.31,24.0605,34.846,198.99,8.042,6.36768,2
1482,99.93,22.0801,34.8347,220.29,8.0452,7.04928,3
1483,125.45,21.2203,34.8113,216.04,8.0336,6.91328,3
1484,153.75,20.6868,34.8101,209.31,8.021,6.69792,3
1485,205.76,19.9478,34.8179,202.59,7.9909,6.48288,3
1486,252.51,18.81,34.8105,193.94,7.9556,6.20608,3
1487,300.04,17.4849,34.7607,197.48,7.9336,6.31936,2
1488,401.51,15.1943,34.5976,189.89,7.8693,6.07648,2
1489,502.82,11.5505,34.3119,171.95,7.7466,5.5024,2
1490,602.01,9.0201,34.1789,152.3,7.6512,4.8736,1
1491,701.85,7.158,34.1808,111.91,7.5433,3.58112,1
1492,802.43,5.3871,34.1737,83.05,7.4538,2.6576,0
1493,902.37,4.4074,34.2737,61.31,7.4106,1.96192,0
1494,1003.64,3.9915,34.4678,175.86,7.7959,5.62752,2
1495,1004.92,3.9856,34.3469,58.71,7.4136,1.87872,0
1496,1203.37,3.2035,34.4455,64.13,7.4312,2.05216,0
1497,1398.18,2.7546,34.5111,77.61,7.456,2.48352,0
1498,1599.11,2.4309,34.5518,89.84,7.4744,2.87488,0
1499,1797.99,2.1999,34.5831,101.45,7.4982,3.2464,1
1500,2006.12,2.0154,34.6021,111.98,7.5188,3.58336,1
1501,2199.11,1.8701,34.6288,121.91,7.5377,3.90112,1
1502,2396.44,1.7754,34.643,129.31,7.5496,4.13792,1
1503,2599.38,1.6971,34.6523,134.73,7.5596,4.31136,1
1504,2799.68,1.6388,34.6604,139.4,7.5667,4.4608,1
1505,2799.78,1.6387,34.6521,137.99,7.5654,4.41568,1
1506,2999.21,1.6037,34.6646,142.72,7.5741,4.56704,1
1507,3252.47,1.568,34.6712,146.98,7.5796,4.70336,1
1508,3501.23,1.5575,34.6728,148.98,7.5813,4.76736,1
1509,3698.07,1.55,34.6759,151.32,7.5839,4.84224,1
1510,3698.75,1.55,34.6771,151.64,7.5852,4.85248,1
