sample_id,ec_uScm,tds_mgL,turbidity_NTU,temp_C,pH,do_mgL,真实标签,预测标签,概率_Caution,概率_Normal,概率_Severe,概率_Warning
1252,888.18,397.6,30.43,30.67,6.25,9.38,Caution,Caution,1.0,0.0,0.0,0.0
370,308.23,165.1,5.4,27.71,7.01,6.28,Normal,Normal,0.0,1.0,0.0,0.0
2125,4302.96,2394.92,550.45,19.02,4.59,0.89,Severe,Severe,0.0,0.0,1.0,0.0
1840,3.7,5.64,180.33,34.92,4.92,15.21,Severe,Severe,0.0,0.0,1.0,0.0
471,482.82,290.38,3.04,28.52,7.48,5.31,Normal,Normal,0.005,0.995,0.0,0.0
1545,14.6,5.66,69.52,32.97,5.51,3.65,Warning,Warning,0.0,0.0,0.0,1.0
1013,37.89,27.32,41.89,30.96,8.96,4.2,Caution,Caution,1.0,0.0,0.0,0.0
1418,12.6,3.0,95.11,22.72,5.83,10.51,Warning,Warning,0.0,0.0,0.0,1.0
1633,1034.84,504.06,53.54,21.6,9.4,11.09,Warning,Warning,0.04,0.0,0.0,0.96
359,122.84,72.55,3.25,27.01,7.05,7.12,Normal,Normal,0.0,1.0,0.0,0.0
1127,848.26,472.2,46.29,23.85,6.15,4.29,Caution,Caution,1.0,0.0,0.0,0.0
404,184.97,107.25,3.76,29.49,7.14,7.25,Normal,Normal,0.0,1.0,0.0,0.0
1693,1436.09,945.62,148.44,32.48,9.29,3.03,Warning,Warning,0.0,0.0,0.0,1.0
183,352.78,179.5,11.43,25.91,7.58,6.28,Normal,Normal,0.0,1.0,0.0,0.0
535,315.45,157.03,20.43,25.42,7.71,5.26,Normal,Normal,0.0,1.0,0.0,0.0
241,399.49,244.82,20.45,27.2,6.54,7.58,Normal,Normal,0.0,1.0,0.0,0.0
179,120.89,81.0,5.94,29.65,7.39,7.45,Normal,Normal,0.0,1.0,0.0,0.0
283,375.54,210.46,21.86,25.63,7.62,8.01,Normal,Normal,0.0,1.0,0.0,0.0
657,32.21,15.41,33.2,24.28,8.67,9.4,Caution,Caution,1.0,0.0,0.0,0.0
804,758.8,454.3,26.09,30.17,6.11,9.32,Caution,Caution,1.0,0.0,0.0,0.0
1109,26.76,15.59,28.31,24.11,8.87,9.72,Caution,Caution,1.0,0.0,0.0,0.0
1503,1014.36,543.79,82.57,20.95,9.21,3.91,Warning,Warning,0.02,0.0,0.0,0.98
787,778.98,430.29,36.89,31.65,6.3,9.35,Caution,Caution,1.0,0.0,0.0,0.0
1379,1556.59,816.29,142.42,33.87,9.08,3.68,Warning,Warning,0.0,0.0,0.0,1.0
721,48.9,27.49,47.7,23.76,8.52,9.48,Caution,Caution,0.995,0.005,0.0,0.0
476,428.43,242.76,19.44,27.14,7.28,6.12,Normal,Normal,0.0,1.0,0.0,0.0
333,251.27,133.38,10.57,27.87,6.64,6.87,Normal,Normal,0.0,1.0,0.0,0.0
599,378.36,223.64,10.81,25.23,6.92,6.85,Normal,Normal,0.0,1.0,0.0,0.0
1806,2338.41,1096.3,501.56,15.03,10.24,12.98,Severe,Severe,0.0,0.0,0.975,0.025
2115,3141.79,1518.38,464.22,19.61,4.74,15.96,Severe,Severe,0.0,0.0,1.0,0.0
1496,19.1,12.16,55.09,21.94,5.68,11.61,Warning,Warning,0.005,0.0,0.0,0.995
971,651.17,362.11,47.64,31.2,8.97,4.68,Caution,Caution,1.0,0.0,0.0,0.0
2074,8.77,2.23,386.69,16.23,10.15,14.46,Severe,Severe,0.0,0.0,1.0,0.0
1114,45.34,24.12,38.92,30.77,6.48,4.88,Caution,Caution,1.0,0.0,0.0,0.0
1995,8.65,4.29,520.63,36.62,4.93,1.65,Severe,Severe,0.0,0.0,1.0,0.0
1941,1.48,3.74,387.79,36.1,10.3,1.59,Severe,Severe,0.0,0.0,1.0,0.0
1059,557.52,257.81,40.73,31.35,6.14,9.53,Caution,Caution,0.995,0.005,0.0,0.0
1483,1796.28,952.98,91.58,33.27,9.48,2.9,Warning,Warning,0.0,0.0,0.0,1.0
44,327.27,188.24,5.11,26.27,8.39,7.36,Normal,Normal,0.0,1.0,0.0,0.0
1876,3.72,6.91,483.99,34.57,10.37,12.21,Severe,Severe,0.0,0.0,1.0,0.0
227,467.59,249.37,12.8,27.36,8.02,7.0,Normal,Normal,0.0,1.0,0.0,0.0
541,106.07,47.46,14.65,27.56,6.55,8.25,Normal,Normal,0.0,1.0,0.0,0.0
164,310.54,152.2,1.11,29.73,6.61,6.57,Normal,Normal,0.0,1.0,0.0,0.0
844,898.71,525.44,27.92,23.32,8.86,4.13,Caution,Caution,1.0,0.0,0.0,0.0
125,77.93,35.66,12.0,25.01,7.78,8.97,Normal,Normal,0.0,1.0,0.0,0.0
1374,1681.29,823.03,65.24,32.32,5.94,3.23,Warning,Warning,0.0,0.0,0.0,1.0
1453,1243.26,759.56,56.12,32.44,9.06,10.66,Warning,Warning,0.0,0.0,0.0,1.0
1314,1245.98,739.88,146.98,32.15,5.96,3.83,Warning,Warning,0.0,0.0,0.0,1.0
483,235.54,148.42,1.05,25.56,6.91,5.48,Normal,Normal,0.0,1.0,0.0,0.0
862,637.29,403.18,35.61,23.92,6.41,4.39,Caution,Caution,1.0,0.0,0.0,0.0
192,386.6,204.25,20.56,25.35,7.91,6.92,Normal,Normal,0.0,1.0,0.0,0.0
898,45.25,22.88,43.53,30.52,6.29,4.79,Caution,Caution,1.0,0.0,0.0,0.0
214,447.59,255.9,8.23,28.94,7.07,6.53,Normal,Normal,0.0,1.0,0.0,0.0
1863,5.88,9.43,550.39,15.33,4.56,15.67,Severe,Severe,0.0,0.0,1.0,0.0
375,85.78,42.96,19.02,28.87,6.67,7.36,Normal,Normal,0.0,1.0,0.0,0.0
828,26.9,14.93,41.3,24.61,8.84,9.9,Caution,Caution,1.0,0.0,0.0,0.0
369,408.77,200.19,24.28,25.06,6.81,5.99,Normal,Normal,0.0,1.0,0.0,0.0
2004,4636.26,2229.12,562.4,35.99,4.81,12.24,Severe,Severe,0.0,0.0,1.0,0.0
958,899.62,430.37,42.72,31.55,6.41,9.84,Caution,Caution,1.0,0.0,0.0,0.0
1253,738.03,358.44,42.85,24.8,8.62,9.42,Caution,Caution,1.0,0.0,0.0,0.0
1874,9.69,8.7,228.86,17.81,5.48,12.03,Severe,Severe,0.0,0.0,0.945,0.055
949,21.83,13.03,38.5,31.13,6.21,4.43,Caution,Caution,1.0,0.0,0.0,0.0
775,726.25,329.04,33.82,23.76,8.58,4.14,Caution,Caution,1.0,0.0,0.0,0.0
1609,15.46,0.32,66.55,20.61,9.31,3.15,Warning,Warning,0.0,0.0,0.0,1.0
1457,15.44,21.04,109.83,33.62,9.42,10.74,Warning,Warning,0.0,0.0,0.0,1.0
989,656.62,392.97,46.59,31.65,6.44,4.59,Caution,Caution,1.0,0.0,0.0,0.0
474,130.19,64.09,1.48,25.08,7.05,5.83,Normal,Normal,0.0,1.0,0.0,0.0
1346,1249.38,644.47,110.74,21.39,9.18,11.36,Warning,Warning,0.0,0.0,0.0,1.0
601,173.59,104.67,16.96,27.7,7.5,7.21,Normal,Normal,0.0,1.0,0.0,0.0
986,27.57,4.65,43.17,23.47,8.9,9.6,Caution,Caution,1.0,0.0,0.0,0.0
2148,3.7,6.9,348.44,37.7,10.25,15.48,Severe,Severe,0.0,0.0,1.0,0.0
2105,8.47,1.22,212.09,35.32,10.16,1.74,Severe,Severe,0.0,0.0,1.0,0.0
1189,39.59,17.3,42.93,30.85,8.98,9.8,Caution,Caution,1.0,0.0,0.0,0.0
338,161.27,83.5,6.99,25.85,6.96,7.57,Normal,Normal,0.0,1.0,0.0,0.0
460,320.12,178.54,3.21,28.08,8.4,6.53,Normal,Normal,0.0,1.0,0.0,0.0
670,965.83,476.76,38.26,30.01,8.77,4.57,Caution,Caution,0.99,0.01,0.0,0.0
395,352.39,220.81,18.06,25.38,6.88,7.42,Normal,Normal,0.0,1.0,0.0,0.0
258,166.48,96.17,13.11,29.65,7.35,7.01,Normal,Normal,0.0,1.0,0.0,0.0
73,462.8,233.02,16.14,27.66,7.5,5.42,Normal,Normal,0.0,1.0,0.0,0.0
1285,817.73,471.98,47.18,24.43,8.87,4.79,Caution,Caution,1.0,0.0,0.0,0.0
685,28.61,23.55,41.29,31.2,6.03,9.71,Caution,Caution,1.0,0.0,0.0,0.0
547,311.9,190.36,5.82,26.52,8.33,5.62,Normal,Normal,0.0,1.0,0.0,0.0
1264,547.67,346.49,33.78,30.93,8.76,4.65,Caution,Caution,1.0,0.0,0.0,0.0
8,350.78,195.16,12.31,27.84,7.42,5.56,Normal,Normal,0.0,1.0,0.0,0.0
129,279.02,148.63,22.77,27.02,7.98,7.25,Normal,Normal,0.0,1.0,0.0,0.0
386,126.47,57.65,23.88,25.42,6.59,6.56,Normal,Normal,0.0,1.0,0.0,0.0
355,78.89,41.16,19.42,26.05,6.99,7.35,Normal,Normal,0.0,1.0,0.0,0.0
1386,18.03,6.3,87.95,32.95,9.31,2.85,Warning,Warning,0.0,0.0,0.0,1.0
1480,1807.26,1165.65,120.16,22.92,5.63,11.82,Warning,Warning,0.005,0.0,0.025,0.97
260,353.67,188.94,7.32,26.0,7.28,7.72,Normal,Normal,0.0,1.0,0.0,0.0
299,165.93,82.53,5.55,25.05,7.22,7.38,Normal,Normal,0.0,1.0,0.0,0.0
288,319.18,202.14,22.55,26.62,7.37,7.09,Normal,Normal,0.0,1.0,0.0,0.0
438,389.92,183.81,15.63,29.94,7.91,8.89,Normal,Normal,0.0,1.0,0.0,0.0
2015,2826.24,1584.92,547.18,15.76,9.69,1.24,Severe,Severe,0.0,0.0,1.0,0.0
1016,49.1,30.81,32.85,24.2,8.61,4.46,Caution,Caution,1.0,0.0,0.0,0.0
2087,2879.74,1710.91,548.09,36.63,4.9,0.83,Severe,Severe,0.0,0.0,1.0,0.0
690,604.97,305.36,42.4,30.84,6.07,9.02,Caution,Caution,1.0,0.0,0.0,0.0
435,51.12,29.89,21.54,26.04,7.99,6.99,Normal,Normal,0.055,0.945,0.0,0.0
321,295.34,184.59,15.88,27.79,6.53,8.0,Normal,Normal,0.0,1.0,0.0,0.0
684,22.02,16.29,47.43,30.83,6.32,9.57,Caution,Caution,1.0,0.0,0.0,0.0
1382,1129.11,641.9,74.0,21.55,9.24,2.52,Warning,Warning,0.0,0.0,0.0,1.0
2042,3.88,0.0,327.76,18.36,5.21,14.11,Severe,Severe,0.0,0.0,1.0,0.0
502,266.01,154.76,22.72,29.73,8.09,7.61,Normal,Normal,0.0,1.0,0.0,0.0
35,193.1,117.08,13.11,27.96,6.61,7.72,Normal,Normal,0.0,1.0,0.0,0.0
1083,41.94,29.92,30.61,23.12,8.64,4.05,Caution,Caution,1.0,0.0,0.0,0.0
331,467.13,272.74,10.47,29.07,7.34,7.98,Normal,Normal,0.0,1.0,0.0,0.0
1985,7.47,1.94,559.83,16.4,4.66,14.19,Severe,Severe,0.0,0.0,1.0,0.0
983,43.67,29.97,45.73,24.71,8.85,4.55,Caution,Caution,1.0,0.0,0.0,0.0
1081,830.42,456.51,30.59,24.31,6.06,9.81,Caution,Caution,1.0,0.0,0.0,0.0
1238,42.66,20.86,46.23,24.03,6.36,9.54,Caution,Caution,1.0,0.0,0.0,0.0
48,401.14,221.37,12.5,28.65,7.27,7.21,Normal,Normal,0.0,1.0,0.0,0.0
426,432.63,222.29,21.66,28.1,6.96,8.15,Normal,Normal,0.0,1.0,0.0,0.0
1040,35.21,23.57,33.68,24.67,6.29,4.7,Caution,Caution,1.0,0.0,0.0,0.0
1284,866.04,398.17,43.79,31.97,8.9,9.44,Caution,Caution,1.0,0.0,0.0,0.0
528,440.67,252.7,13.89,25.34,8.05,5.69,Normal,Normal,0.0,1.0,0.0,0.0
634,402.77,254.07,10.99,25.26,7.33,8.73,Normal,Normal,0.0,1.0,0.0,0.0
2068,9.22,1.47,452.85,37.85,9.89,14.64,Severe,Severe,0.0,0.0,0.995,0.005
1486,1276.35,800.94,149.29,22.48,9.16,11.45,Warning,Warning,0.0,0.0,0.005,0.995
1979,2711.52,1677.31,333.68,36.28,10.26,15.82,Severe,Severe,0.0,0.0,1.0,0.0
134,249.77,150.29,23.46,27.0,6.55,8.5,Normal,Normal,0.0,1.0,0.0,0.0
877,974.62,504.9,39.32,31.77,6.35,9.12,Caution,Caution,1.0,0.0,0.0,0.0
1247,41.82,24.77,27.64,24.54,8.86,9.58,Caution,Caution,1.0,0.0,0.0,0.0
1733,17.05,7.69,78.95,21.09,5.72,3.34,Warning,Warning,0.0,0.0,0.0,1.0
1029,30.82,15.11,42.08,24.59,6.03,9.91,Caution,Caution,1.0,0.0,0.0,0.0
1883,4155.45,2185.69,185.75,17.31,10.4,0.58,Severe,Severe,0.0,0.0,0.995,0.005
1223,802.15,404.22,37.54,23.27,6.18,9.41,Caution,Caution,1.0,0.0,0.0,0.0
1488,19.6,5.11,125.65,33.51,5.58,2.76,Warning,Warning,0.0,0.0,0.0,1.0
1964,3120.8,1595.12,411.66,34.01,10.5,1.16,Severe,Severe,0.0,0.0,0.88,0.12
1636,14.5,4.99,112.49,20.91,9.45,3.48,Warning,Warning,0.0,0.0,0.0,1.0
1310,11.46,3.69,64.61,20.41,9.06,10.17,Warning,Warning,0.0,0.0,0.0,1.0
28,185.43,114.71,12.73,25.62,6.76,8.71,Normal,Normal,0.0,1.0,0.0,0.0
2103,8.12,2.24,199.57,36.06,4.96,0.58,Severe,Severe,0.0,0.0,1.0,0.0
621,189.83,92.74,4.85,29.57,8.12,8.64,Normal,Normal,0.0,1.0,0.0,0.0
620,311.98,160.26,10.89,25.35,7.75,6.27,Normal,Normal,0.0,1.0,0.0,0.0
1357,16.41,1.16,80.12,20.36,9.07,3.49,Warning,Warning,0.0,0.0,0.0,1.0
1699,10.43,8.18,100.06,32.94,5.65,11.35,Warning,Warning,0.0,0.0,0.005,0.995
837,800.72,388.84,45.38,30.35,8.52,4.51,Caution,Caution,0.995,0.005,0.0,0.0
600,473.27,224.69,11.27,27.59,7.66,7.72,Normal,Normal,0.0,1.0,0.0,0.0
767,43.71,31.57,35.59,31.21,8.7,9.57,Caution,Caution,1.0,0.0,0.0,0.0
95,370.2,168.71,4.61,29.65,7.16,5.19,Normal,Normal,0.0,1.0,0.0,0.0
1586,1632.74,988.27,89.04,22.14,9.29,11.21,Warning,Warning,0.0,0.0,0.0,1.0
790,724.73,371.53,34.84,24.68,8.82,9.74,Caution,Caution,1.0,0.0,0.0,0.0
948,656.32,330.06,29.3,23.85,6.42,4.5,Caution,Caution,1.0,0.0,0.0,0.0
70,87.85,55.59,6.85,27.45,7.08,7.35,Normal,Normal,0.0,1.0,0.0,0.0
1015,763.32,443.49,35.61,23.41,8.56,9.09,Caution,Caution,1.0,0.0,0.0,0.0
1789,2209.44,1245.82,470.18,34.74,5.29,1.77,Severe,Severe,0.0,0.0,1.0,0.0
1801,4317.06,2701.75,170.5,37.52,10.12,12.16,Severe,Severe,0.0,0.0,0.99,0.01
89,416.59,249.09,22.66,27.38,7.38,8.98,Normal,Normal,0.01,0.99,0.0,0.0
507,131.45,79.89,10.43,26.41,8.08,7.78,Normal,Normal,0.0,1.0,0.0,0.0
116,312.9,149.72,18.64,26.27,6.83,5.64,Normal,Normal,0.0,1.0,0.0,0.0
1300,35.01,19.42,30.95,24.26,6.44,9.15,Caution,Caution,1.0,0.0,0.0,0.0
440,57.42,37.43,12.36,29.19,6.81,6.94,Normal,Normal,0.0,1.0,0.0,0.0
1922,3747.66,1782.85,597.02,19.41,5.21,1.68,Severe,Severe,0.0,0.0,1.0,0.0
659,28.31,18.96,33.49,23.72,6.08,4.7,Caution,Caution,1.0,0.0,0.0,0.0
2001,7.13,5.33,285.22,34.29,9.96,1.95,Severe,Severe,0.0,0.0,0.995,0.005
16,68.73,37.25,12.86,28.25,7.67,5.34,Normal,Normal,0.0,1.0,0.0,0.0
493,317.0,213.24,24.74,29.72,8.42,7.86,Normal,Normal,0.0,1.0,0.0,0.0
197,431.53,267.27,24.88,25.54,8.17,5.9,Normal,Normal,0.0,1.0,0.0,0.0
860,865.58,404.78,45.18,30.84,6.12,4.6,Caution,Caution,1.0,0.0,0.0,0.0
2101,3381.02,1820.47,241.87,19.8,4.65,14.74,Severe,Severe,0.0,0.0,1.0,0.0
962,821.03,415.99,25.95,24.64,6.07,9.69,Caution,Caution,1.0,0.0,0.0,0.0
1171,854.7,447.96,49.62,31.22,8.86,4.9,Caution,Caution,1.0,0.0,0.0,0.0
1118,40.6,25.63,27.22,23.64,6.07,9.89,Caution,Caution,1.0,0.0,0.0,0.0
1205,36.58,18.88,30.93,32.0,8.66,4.59,Caution,Caution,0.885,0.0,0.0,0.115
63,284.12,140.89,20.2,29.43,7.97,8.68,Normal,Normal,0.0,1.0,0.0,0.0
148,128.91,73.09,20.75,25.59,8.0,5.34,Normal,Normal,0.0,1.0,0.0,0.0
1449,1953.94,1070.26,98.31,20.8,9.4,2.76,Warning,Warning,0.0,0.0,0.0,1.0
1438,11.09,3.63,147.77,22.24,9.29,3.81,Warning,Warning,0.0,0.0,0.0,1.0
1534,16.14,0.67,117.38,20.88,9.04,2.11,Warning,Warning,0.0,0.0,0.0,1.0
1867,1.07,8.65,539.57,15.4,9.69,15.46,Severe,Severe,0.0,0.0,1.0,0.0
635,497.67,294.04,14.33,28.79,7.32,6.37,Normal,Normal,0.0,1.0,0.0,0.0
1872,3047.57,1445.96,254.28,37.33,4.95,14.9,Severe,Severe,0.0,0.0,1.0,0.0
591,151.54,80.79,19.7,25.66,6.6,7.55,Normal,Normal,0.0,1.0,0.0,0.0
364,499.73,237.58,1.18,29.27,6.99,5.14,Normal,Normal,0.035,0.965,0.0,0.0
307,442.84,221.24,17.3,25.51,7.71,6.09,Normal,Normal,0.0,1.0,0.0,0.0
2056,2430.75,1371.61,213.5,34.43,4.6,13.45,Severe,Severe,0.0,0.0,1.0,0.0
1790,2954.54,1441.03,186.89,18.03,9.51,0.67,Severe,Severe,0.0,0.0,0.91,0.09
869,610.58,394.45,42.08,30.22,6.03,9.88,Caution,Caution,1.0,0.0,0.0,0.0
944,783.26,387.88,41.8,23.22,6.34,9.4,Caution,Caution,1.0,0.0,0.0,0.0
371,344.26,204.21,18.04,29.65,6.76,7.02,Normal,Normal,0.0,1.0,0.0,0.0
1228,707.52,279.78,27.66,24.92,8.52,9.61,Caution,Caution,0.99,0.01,0.0,0.0
594,172.62,102.3,16.81,29.61,7.51,7.03,Normal,Normal,0.0,1.0,0.0,0.0
1190,43.66,22.2,43.12,24.84,8.59,9.9,Caution,Caution,1.0,0.0,0.0,0.0
972,27.81,14.64,34.81,23.01,6.25,9.64,Caution,Caution,0.97,0.0,0.0,0.03
1049,36.28,7.07,38.16,24.9,8.78,9.3,Caution,Caution,1.0,0.0,0.0,0.0
738,49.43,22.9,35.62,31.2,8.95,9.46,Caution,Caution,1.0,0.0,0.0,0.0
867,695.64,378.53,26.14,24.54,6.39,9.17,Caution,Caution,1.0,0.0,0.0,0.0
1184,40.85,23.55,49.33,24.09,8.65,4.27,Caution,Caution,1.0,0.0,0.0,0.0
1706,1313.06,697.52,138.56,21.02,5.7,11.04,Warning,Warning,0.0,0.0,0.0,1.0
960,45.81,25.5,32.2,23.56,8.8,9.57,Caution,Caution,1.0,0.0,0.0,0.0
11,60.22,38.23,3.16,27.03,7.83,8.26,Normal,Normal,0.0,1.0,0.0,0.0
1054,49.31,29.8,30.3,23.16,8.94,9.16,Caution,Caution,1.0,0.0,0.0,0.0
2067,7.87,6.2,165.87,16.85,5.37,1.12,Severe,Severe,0.0,0.0,0.955,0.045
210,419.23,218.22,18.98,29.38,7.38,7.11,Normal,Normal,0.0,1.0,0.0,0.0
1227,929.9,489.41,28.73,24.38,6.01,9.35,Caution,Caution,0.99,0.0,0.0,0.01
2017,7.37,0.0,538.43,37.91,5.23,0.75,Severe,Severe,0.0,0.0,1.0,0.0
1369,1370.81,870.46,145.31,33.43,9.15,2.07,Warning,Warning,0.0,0.0,0.0,1.0
1178,37.53,23.69,32.27,23.5,6.43,4.59,Caution,Caution,1.0,0.0,0.0,0.0
1638,17.85,2.78,110.45,20.01,9.21,3.69,Warning,Warning,0.0,0.0,0.12,0.88
1420,1889.31,1177.17,123.23,33.57,5.92,11.23,Warning,Warning,0.0,0.0,0.025,0.975
252,343.1,166.15,3.61,25.16,7.06,7.46,Normal,Normal,0.0,1.0,0.0,0.0
720,769.62,412.94,45.68,30.69,6.11,9.16,Caution,Caution,1.0,0.0,0.0,0.0
3,391.14,250.74,9.51,25.32,7.61,8.31,Normal,Normal,0.0,1.0,0.0,0.0
1548,1656.63,777.94,108.86,22.5,9.35,2.92,Warning,Warning,0.0,0.0,0.0,1.0
838,24.07,12.71,41.48,30.39,8.86,4.21,Caution,Caution,1.0,0.0,0.0,0.0
2134,3.49,0.0,598.33,34.5,4.62,0.9,Severe,Severe,0.0,0.0,0.995,0.005
692,507.6,246.49,26.75,30.75,8.69,9.17,Caution,Caution,0.995,0.005,0.0,0.0
1870,3032.21,1611.89,329.04,17.1,9.73,13.48,Severe,Severe,0.0,0.0,1.0,0.0
133,194.22,100.42,24.43,28.05,8.41,6.02,Normal,Normal,0.0,1.0,0.0,0.0
565,266.67,127.62,13.08,28.85,7.6,6.27,Normal,Normal,0.0,1.0,0.0,0.0
2055,4.24,1.82,215.51,18.75,10.0,1.58,Severe,Severe,0.0,0.0,1.0,0.0
559,176.09,86.8,19.62,28.95,7.77,5.97,Normal,Normal,0.0,1.0,0.0,0.0
1704,1534.97,786.29,117.54,32.22,5.87,3.78,Warning,Warning,0.0,0.0,0.0,1.0
1538,11.98,0.0,77.7,22.32,5.96,11.83,Warning,Warning,0.0,0.0,0.0,1.0
269,94.05,52.59,7.62,29.0,8.04,7.41,Normal,Normal,0.0,1.0,0.0,0.0
709,913.13,459.37,42.89,23.06,8.8,4.73,Caution,Caution,0.995,0.0,0.0,0.005
1792,2010.95,1209.92,277.04,34.47,5.12,1.37,Severe,Severe,0.0,0.0,0.87,0.13
503,191.0,106.96,21.32,27.73,7.78,5.5,Normal,Normal,0.0,1.0,0.0,0.0
955,46.78,22.51,41.39,30.31,8.55,4.2,Caution,Caution,1.0,0.0,0.0,0.0
1426,1235.03,777.68,79.92,22.41,9.06,2.47,Warning,Warning,0.0,0.0,0.0,1.0
286,324.73,161.53,8.38,26.46,6.9,8.89,Normal,Normal,0.0,1.0,0.0,0.0
1219,568.59,264.65,44.82,24.48,8.91,4.44,Caution,Caution,1.0,0.0,0.0,0.0
1066,892.36,414.37,42.52,30.34,6.3,9.73,Caution,Caution,1.0,0.0,0.0,0.0
1387,1577.42,845.9,108.52,32.77,5.77,3.57,Warning,Warning,0.0,0.0,0.0,1.0
501,149.76,80.6,5.64,27.26,7.0,5.35,Normal,Normal,0.0,1.0,0.0,0.0
418,210.34,118.72,14.45,25.19,6.73,6.32,Normal,Normal,0.0,1.0,0.0,0.0
2131,3648.4,2362.14,552.01,15.83,4.61,12.32,Severe,Severe,0.0,0.0,1.0,0.0
266,495.86,268.5,23.28,25.13,6.68,5.81,Normal,Normal,0.0,1.0,0.0,0.0
1998,3927.46,1884.68,426.56,17.96,4.84,12.15,Severe,Severe,0.0,0.0,1.0,0.0
609,430.46,255.26,3.62,28.01,7.69,6.36,Normal,Normal,0.0,1.0,0.0,0.0
1262,873.14,447.36,30.0,30.54,6.42,4.6,Caution,Caution,1.0,0.0,0.0,0.0
1316,1312.04,653.12,126.33,32.1,9.38,3.81,Warning,Warning,0.0,0.0,0.0,1.0
947,32.16,11.99,40.89,23.67,8.88,4.42,Caution,Caution,1.0,0.0,0.0,0.0
1639,16.8,7.86,127.32,32.64,5.93,11.22,Warning,Warning,0.0,0.0,0.0,1.0
1497,1701.69,857.95,60.21,33.48,9.43,11.0,Warning,Warning,0.0,0.0,0.0,1.0
1915,6.41,6.9,432.4,17.05,5.25,13.24,Severe,Severe,0.0,0.0,1.0,0.0
168,323.25,167.13,11.2,27.41,8.12,7.26,Normal,Normal,0.0,1.0,0.0,0.0
557,155.96,78.19,22.73,25.83,6.8,7.63,Normal,Normal,0.0,1.0,0.0,0.0
1954,6.46,0.93,237.1,17.23,5.03,0.72,Severe,Severe,0.0,0.0,1.0,0.0
1116,30.54,19.57,33.5,30.95,6.21,9.9,Caution,Caution,1.0,0.0,0.0,0.0
2069,1.99,9.67,365.28,37.0,4.64,15.6,Severe,Severe,0.0,0.0,1.0,0.0
1721,18.52,16.6,66.2,33.22,9.06,11.08,Warning,Warning,0.0,0.0,0.0,1.0
858,567.1,323.43,25.24,24.86,6.08,9.83,Caution,Caution,1.0,0.0,0.0,0.0
1996,4038.5,1908.53,364.3,34.5,10.37,13.74,Severe,Severe,0.0,0.0,1.0,0.0
50,256.35,133.52,11.62,27.27,6.52,8.3,Normal,Normal,0.0,1.0,0.0,0.0
519,162.0,85.19,1.47,29.3,7.06,6.59,Normal,Normal,0.0,1.0,0.0,0.0
1799,4.38,2.59,253.07,19.61,10.33,1.44,Severe,Severe,0.0,0.0,1.0,0.0
1207,553.4,328.4,35.63,23.9,6.4,9.36,Caution,Caution,1.0,0.0,0.0,0.0
625,138.63,79.5,7.99,27.66,6.97,5.82,Normal,Normal,0.0,1.0,0.0,0.0
246,379.91,171.18,9.86,27.55,7.44,6.25,Normal,Normal,0.0,1.0,0.0,0.0
843,31.77,11.54,41.42,24.84,8.93,4.24,Caution,Caution,1.0,0.0,0.0,0.0
1381,14.46,7.81,110.78,32.65,5.64,3.53,Warning,Warning,0.0,0.0,0.0,1.0
1555,1085.8,521.67,126.64,20.83,9.16,10.91,Warning,Warning,0.015,0.0,0.0,0.985
1564,12.98,13.49,105.25,32.25,5.58,2.88,Warning,Warning,0.0,0.0,0.0,1.0
1452,13.23,7.27,89.3,22.17,5.57,2.65,Warning,Warning,0.0,0.0,0.0,1.0
1113,23.8,12.53,29.09,30.9,8.77,4.07,Caution,Caution,1.0,0.0,0.0,0.0
1115,759.28,349.69,48.02,30.09,6.18,9.83,Caution,Caution,1.0,0.0,0.0,0.0
1404,1183.47,589.26,109.6,22.88,9.18,2.93,Warning,Warning,0.0,0.0,0.0,1.0
1758,1722.71,923.63,96.25,32.4,9.43,2.88,Warning,Warning,0.0,0.0,0.0,1.0
1514,13.42,5.16,88.84,33.2,5.67,2.6,Warning,Warning,0.0,0.0,0.0,1.0
1355,1416.62,696.74,139.16,22.1,9.28,2.89,Warning,Warning,0.0,0.0,0.0,1.0
1776,18.6,12.09,146.81,33.74,5.86,3.49,Warning,Warning,0.0,0.0,0.0,1.0
271,276.21,140.84,4.64,27.51,7.16,6.67,Normal,Normal,0.0,1.0,0.0,0.0
1632,1801.03,862.15,112.51,20.23,9.29,2.43,Warning,Warning,0.0,0.0,0.0,1.0
1280,37.75,24.76,45.78,31.58,6.26,4.04,Caution,Caution,1.0,0.0,0.0,0.0
696,661.27,341.31,47.66,24.78,8.53,4.8,Caution,Caution,1.0,0.0,0.0,0.0
1056,24.12,13.24,47.91,24.87,8.9,4.88,Caution,Caution,1.0,0.0,0.0,0.0
1448,17.95,1.44,112.33,22.22,9.07,2.81,Warning,Warning,0.0,0.0,0.0,1.0
1482,1241.99,803.88,53.92,21.4,9.23,3.15,Warning,Warning,0.0,0.0,0.0,1.0
1723,1499.68,934.93,84.24,21.23,5.58,10.8,Warning,Warning,0.0,0.0,0.0,1.0
1290,29.02,10.84,27.71,30.47,6.44,9.45,Caution,Caution,1.0,0.0,0.0,0.0
2079,6.67,7.3,320.41,37.33,4.83,15.18,Severe,Severe,0.0,0.0,1.0,0.0
100,382.36,250.45,8.61,25.83,6.54,7.9,Normal,Normal,0.0,1.0,0.0,0.0
416,284.35,176.94,9.16,27.62,7.2,8.53,Normal,Normal,0.0,1.0,0.0,0.0
2096,1.47,0.0,481.18,18.53,9.92,1.58,Severe,Severe,0.0,0.0,1.0,0.0
264,169.06,69.85,1.95,28.07,6.86,5.06,Normal,Normal,0.0,1.0,0.0,0.0
181,140.84,72.94,20.21,29.56,7.64,7.15,Normal,Normal,0.0,1.0,0.0,0.0
1112,29.78,10.27,46.52,24.72,8.66,9.36,Caution,Caution,1.0,0.0,0.0,0.0
1427,13.43,11.68,147.33,21.16,9.27,11.98,Warning,Warning,0.0,0.0,0.0,1.0
161,252.97,138.73,14.63,29.66,8.35,6.57,Normal,Normal,0.0,1.0,0.0,0.0
1882,3143.45,1795.37,256.28,37.56,9.7,1.81,Severe,Severe,0.0,0.0,1.0,0.0
1077,35.31,17.08,34.59,24.18,6.04,9.18,Caution,Caution,1.0,0.0,0.0,0.0
883,764.12,454.1,38.81,23.64,6.29,9.11,Caution,Caution,1.0,0.0,0.0,0.0
78,490.06,310.81,10.88,27.45,8.05,8.94,Normal,Normal,0.005,0.995,0.0,0.0
1,92.38,54.05,24.41,27.19,8.05,8.43,Normal,Normal,0.0,1.0,0.0,0.0
2127,4.2,2.56,470.36,36.72,4.89,1.83,Severe,Severe,0.0,0.0,1.0,0.0
1774,1790.43,859.0,132.55,32.56,5.62,2.82,Warning,Warning,0.0,0.0,0.0,1.0
1296,769.62,420.59,42.58,23.24,8.96,4.7,Caution,Caution,1.0,0.0,0.0,0.0
1479,10.24,0.99,93.12,33.39,9.21,3.6,Warning,Warning,0.0,0.0,0.01,0.99
935,22.19,8.64,34.78,24.99,8.98,4.94,Caution,Caution,0.99,0.01,0.0,0.0
155,437.13,220.56,8.69,27.11,6.91,5.7,Normal,Normal,0.0,1.0,0.0,0.0
2140,8.97,2.06,515.16,36.22,10.41,1.19,Severe,Severe,0.0,0.0,1.0,0.0
736,42.0,17.85,45.12,24.3,6.32,9.77,Caution,Caution,1.0,0.0,0.0,0.0
1126,47.42,29.05,45.92,23.61,6.16,9.89,Caution,Caution,1.0,0.0,0.0,0.0
172,442.13,240.68,16.22,29.87,8.12,5.32,Normal,Normal,0.0,1.0,0.0,0.0
384,401.41,201.48,19.26,26.11,7.03,5.46,Normal,Normal,0.0,1.0,0.0,0.0
1939,2289.75,1407.79,426.28,37.61,5.26,1.36,Severe,Severe,0.0,0.0,1.0,0.0
927,26.67,14.25,34.53,30.48,6.11,4.39,Caution,Caution,1.0,0.0,0.0,0.0
1493,1281.56,723.77,90.01,22.58,5.53,11.37,Warning,Warning,0.0,0.0,0.0,1.0
1869,4881.68,3105.23,459.15,35.94,4.94,15.95,Severe,Severe,0.0,0.0,1.0,0.0
729,38.78,12.37,33.94,23.1,8.96,4.18,Caution,Caution,1.0,0.0,0.0,0.0
1150,891.36,466.03,29.07,23.17,6.38,9.02,Caution,Caution,1.0,0.0,0.0,0.0
920,23.06,9.6,33.48,31.64,8.79,4.94,Caution,Caution,1.0,0.0,0.0,0.0
378,153.55,100.94,24.65,28.95,7.26,5.26,Normal,Normal,0.0,1.0,0.0,0.0
863,580.36,362.61,25.54,31.54,6.28,4.79,Caution,Caution,1.0,0.0,0.0,0.0
784,799.89,479.3,48.97,31.34,6.33,9.53,Caution,Caution,1.0,0.0,0.0,0.0
392,370.27,180.17,21.6,29.14,6.63,7.56,Normal,Normal,0.0,1.0,0.0,0.0
841,524.43,344.11,36.21,31.07,8.8,9.85,Caution,Caution,1.0,0.0,0.0,0.0
1973,4697.59,2786.9,253.95,17.54,5.35,1.58,Severe,Severe,0.0,0.0,1.0,0.0
1967,4.26,0.0,436.68,18.31,9.62,15.33,Severe,Severe,0.0,0.0,1.0,0.0
154,137.97,62.7,17.31,25.3,8.37,5.86,Normal,Normal,0.0,1.0,0.0,0.0
668,32.81,10.45,43.29,31.2,8.91,9.36,Caution,Caution,1.0,0.0,0.0,0.0
1424,1105.92,694.11,56.5,33.99,5.92,3.59,Warning,Warning,0.0,0.0,0.01,0.99
1409,1110.39,538.08,116.92,33.1,5.73,11.31,Warning,Warning,0.035,0.0,0.0,0.965
1180,40.72,25.91,38.16,30.37,6.48,4.43,Caution,Caution,1.0,0.0,0.0,0.0
853,689.47,336.69,48.62,30.16,6.07,9.43,Caution,Caution,1.0,0.0,0.0,0.0
489,465.32,264.14,5.98,26.09,7.36,8.47,Normal,Normal,0.0,1.0,0.0,0.0
2,339.74,177.17,20.75,27.25,6.76,6.48,Normal,Normal,0.0,1.0,0.0,0.0
203,386.18,180.76,9.92,29.05,7.54,5.36,Normal,Normal,0.0,1.0,0.0,0.0
560,98.24,45.86,7.51,27.62,7.57,8.4,Normal,Normal,0.0,1.0,0.0,0.0
1725,10.66,9.75,100.88,21.6,5.61,10.03,Warning,Warning,0.005,0.0,0.005,0.99
1021,35.66,15.05,49.31,30.9,8.62,4.11,Caution,Caution,1.0,0.0,0.0,0.0
1477,17.88,15.28,140.07,22.42,5.9,11.9,Warning,Warning,0.0,0.0,0.005,0.995
1008,987.11,567.45,46.11,30.9,6.35,4.68,Caution,Caution,1.0,0.0,0.0,0.0
966,901.25,585.09,35.01,31.39,6.45,4.79,Caution,Caution,1.0,0.0,0.0,0.0
1129,42.62,18.1,46.15,24.78,8.59,4.5,Caution,Caution,1.0,0.0,0.0,0.0
64,75.01,37.22,7.73,25.58,7.49,5.29,Normal,Normal,0.0,1.0,0.0,0.0
284,300.29,188.46,6.19,29.21,8.01,8.48,Normal,Normal,0.0,1.0,0.0,0.0
105,55.61,28.29,20.1,29.92,8.02,6.68,Normal,Normal,0.0,1.0,0.0,0.0
2081,3441.67,2237.57,321.88,34.98,9.71,12.86,Severe,Severe,0.0,0.0,1.0,0.0
477,197.53,116.71,23.45,28.61,6.56,7.18,Normal,Normal,0.0,1.0,0.0,0.0
109,490.65,290.46,10.05,26.02,6.7,7.97,Normal,Normal,0.005,0.995,0.0,0.0
815,28.23,14.74,44.16,23.39,8.91,9.71,Caution,Caution,1.0,0.0,0.0,0.0
1216,39.36,22.96,45.3,30.36,6.06,9.12,Caution,Caution,1.0,0.0,0.0,0.0
1261,725.91,480.89,46.7,23.59,6.11,4.51,Caution,Caution,1.0,0.0,0.0,0.0
1020,48.32,26.63,30.69,24.25,6.35,4.32,Caution,Caution,1.0,0.0,0.0,0.0
548,390.43,231.32,4.77,26.8,7.81,6.76,Normal,Normal,0.0,1.0,0.0,0.0
2022,2.19,0.0,349.97,17.07,10.07,0.6,Severe,Severe,0.0,0.0,1.0,0.0
629,153.34,81.36,20.94,26.99,7.13,5.98,Normal,Normal,0.0,1.0,0.0,0.0
1924,5.72,0.0,409.63,36.44,4.73,15.29,Severe,Severe,0.0,0.0,1.0,0.0
332,160.69,97.23,12.8,29.2,6.95,6.59,Normal,Normal,0.0,1.0,0.0,0.0
1860,3.49,2.28,458.62,37.04,10.05,14.59,Severe,Severe,0.0,0.0,1.0,0.0
417,315.33,164.29,19.57,27.51,6.71,7.69,Normal,Normal,0.0,1.0,0.0,0.0
1128,40.14,12.39,46.1,24.49,6.09,4.47,Caution,Caution,1.0,0.0,0.0,0.0
676,596.37,319.41,28.64,23.65,6.27,4.11,Caution,Caution,1.0,0.0,0.0,0.0
1091,35.11,19.49,25.26,24.5,6.43,9.04,Caution,Caution,1.0,0.0,0.0,0.0
1619,14.79,14.97,142.36,22.1,9.47,3.81,Warning,Warning,0.0,0.0,0.0,1.0
270,445.74,287.14,7.49,26.33,7.4,6.57,Normal,Normal,0.0,1.0,0.0,0.0
1749,16.5,5.42,137.51,33.86,9.18,3.69,Warning,Warning,0.0,0.0,0.0,1.0
1854,4886.44,2630.03,337.07,16.2,10.09,1.89,Severe,Severe,0.0,0.0,1.0,0.0
1963,3535.05,2207.69,372.52,16.88,5.49,14.2,Severe,Severe,0.0,0.0,0.98,0.02
831,36.75,26.69,43.37,24.45,6.43,4.76,Caution,Caution,1.0,0.0,0.0,0.0
382,131.87,69.5,18.56,26.87,8.27,6.78,Normal,Normal,0.0,1.0,0.0,0.0
661,39.34,15.14,26.93,31.86,8.95,9.42,Caution,Caution,1.0,0.0,0.0,0.0
1887,9.91,12.8,214.68,16.89,5.22,12.65,Severe,Severe,0.0,0.0,0.975,0.025
1982,3741.72,1616.51,163.06,34.4,10.15,1.88,Severe,Severe,0.0,0.0,0.97,0.03
425,110.29,53.27,13.27,27.53,7.0,5.4,Normal,Normal,0.0,1.0,0.0,0.0
450,197.38,131.77,15.76,25.99,6.99,5.9,Normal,Normal,0.0,1.0,0.0,0.0
737,40.68,26.4,39.05,23.19,8.71,9.04,Caution,Caution,1.0,0.0,0.0,0.0
1131,37.17,29.66,49.98,30.25,6.25,4.13,Caution,Caution,1.0,0.0,0.0,0.0
2005,2999.42,1519.95,302.09,36.1,10.43,14.42,Severe,Severe,0.0,0.0,1.0,0.0
1074,894.88,554.87,40.32,23.61,6.49,4.13,Caution,Caution,1.0,0.0,0.0,0.0
1142,43.54,24.52,35.65,23.53,6.09,4.62,Caution,Caution,1.0,0.0,0.0,0.0
1804,9.12,1.0,151.95,16.74,5.48,14.26,Severe,Severe,0.0,0.0,0.705,0.295
263,203.69,111.27,4.91,28.55,7.71,7.85,Normal,Normal,0.0,1.0,0.0,0.0
1236,754.53,515.07,45.39,24.11,8.54,9.95,Caution,Caution,1.0,0.0,0.0,0.0
1137,43.27,22.28,39.14,23.47,6.49,9.11,Caution,Caution,1.0,0.0,0.0,0.0
1251,667.08,395.51,30.48,31.99,8.92,9.9,Caution,Caution,1.0,0.0,0.0,0.0
826,30.06,18.82,30.87,31.54,8.79,9.68,Caution,Caution,1.0,0.0,0.0,0.0
313,289.59,153.61,16.42,25.27,7.05,8.76,Normal,Normal,0.0,1.0,0.0,0.0
1041,38.92,22.55,37.82,24.3,6.49,9.07,Caution,Caution,1.0,0.0,0.0,0.0
1726,1704.01,1111.31,65.02,22.71,5.58,10.11,Warning,Warning,0.0,0.0,0.005,0.995
1783,13.53,2.44,75.82,32.46,9.06,2.3,Warning,Warning,0.0,0.0,0.0,1.0
22,165.18,77.5,23.47,29.76,7.13,6.16,Normal,Normal,0.0,1.0,0.0,0.0
83,203.87,134.93,18.22,29.43,7.05,5.75,Normal,Normal,0.0,1.0,0.0,0.0
1148,626.61,391.96,36.25,30.26,8.63,9.07,Caution,Caution,1.0,0.0,0.0,0.0
1584,1090.3,622.0,86.68,21.88,5.81,11.13,Warning,Warning,0.0,0.0,0.0,1.0
1413,1310.05,670.05,106.43,32.44,9.45,3.9,Warning,Warning,0.0,0.0,0.0,1.0
220,145.3,65.56,3.16,29.61,8.31,6.33,Normal,Normal,0.0,1.0,0.0,0.0
1156,44.54,31.12,41.94,24.14,6.16,9.51,Caution,Caution,1.0,0.0,0.0,0.0
199,231.3,131.96,21.02,25.98,6.84,5.23,Normal,Normal,0.0,1.0,0.0,0.0
1130,786.49,428.4,40.27,23.85,6.33,9.58,Caution,Caution,1.0,0.0,0.0,0.0
1624,11.56,4.06,109.34,22.02,5.71,3.44,Warning,Warning,0.0,0.0,0.0,1.0
1138,654.11,375.42,40.88,24.23,8.51,9.02,Caution,Caution,0.995,0.005,0.0,0.0
102,446.17,254.91,13.87,27.92,8.49,5.51,Normal,Normal,0.0,1.0,0.0,0.0
101,278.28,125.01,24.8,25.72,6.75,7.77,Normal,Normal,0.0,1.0,0.0,0.0
2093,4.4,0.95,160.18,37.56,10.13,14.02,Severe,Severe,0.0,0.0,0.995,0.005
771,605.3,398.58,32.6,24.5,6.09,4.47,Caution,Caution,1.0,0.0,0.0,0.0
570,213.89,100.65,21.37,26.52,7.65,8.51,Normal,Normal,0.0,1.0,0.0,0.0
238,411.24,184.24,22.43,27.22,7.71,6.77,Normal,Normal,0.0,1.0,0.0,0.0
32,254.25,120.87,6.95,27.13,7.25,7.61,Normal,Normal,0.0,1.0,0.0,0.0
1526,13.26,8.59,51.99,32.26,5.88,10.4,Warning,Warning,0.005,0.0,0.0,0.995
1076,48.2,30.85,32.46,24.61,8.69,9.24,Caution,Caution,1.0,0.0,0.0,0.0
1407,11.88,1.56,143.64,33.45,5.95,10.99,Warning,Warning,0.0,0.0,0.0,1.0
437,414.47,225.12,17.35,28.59,7.79,7.27,Normal,Normal,0.0,1.0,0.0,0.0
1117,48.6,31.08,47.66,23.29,6.37,4.38,Caution,Caution,1.0,0.0,0.0,0.0
480,174.96,98.26,9.8,26.18,7.91,6.13,Normal,Normal,0.0,1.0,0.0,0.0
1430,11.35,15.38,129.61,32.74,5.71,11.07,Warning,Warning,0.0,0.0,0.005,0.995
1390,19.31,0.45,112.15,20.36,5.5,2.26,Warning,Warning,0.0,0.0,0.055,0.945
1645,10.18,1.62,135.94,32.2,9.15,2.97,Warning,Warning,0.0,0.0,0.015,0.985
457,107.86,71.12,10.12,26.2,7.86,6.68,Normal,Normal,0.0,1.0,0.0,0.0
2146,4.35,3.47,448.58,34.87,10.0,1.82,Severe,Severe,0.0,0.0,1.0,0.0
717,673.52,359.21,36.39,30.53,6.02,4.67,Caution,Caution,1.0,0.0,0.0,0.0
871,20.26,9.05,49.53,31.95,8.95,4.95,Caution,Caution,1.0,0.0,0.0,0.0
233,287.84,151.94,20.99,29.3,7.78,8.73,Normal,Normal,0.0,1.0,0.0,0.0
1848,4449.94,2439.22,153.99,18.2,4.79,12.33,Severe,Severe,0.0,0.0,0.845,0.155
516,288.04,156.8,1.8,28.55,8.21,8.18,Normal,Normal,0.0,1.0,0.0,0.0
1748,17.25,19.29,63.3,21.47,5.72,2.9,Warning,Warning,0.0,0.0,0.0,1.0
1936,2.41,0.0,462.98,19.78,9.82,12.71,Severe,Severe,0.0,0.0,1.0,0.0
1589,1795.17,989.53,100.08,32.37,9.42,10.84,Warning,Warning,0.0,0.0,0.0,1.0
1937,2540.74,1530.82,309.04,37.68,9.99,15.98,Severe,Severe,0.0,0.0,1.0,0.0
1395,1828.05,1128.91,85.1,21.46,9.31,2.71,Warning,Warning,0.0,0.0,0.005,0.995
93,278.68,147.79,12.75,25.56,6.5,8.45,Normal,Normal,0.015,0.985,0.0,0.0
1696,16.2,7.57,58.73,32.92,5.59,10.14,Warning,Warning,0.0,0.0,0.0,1.0
492,91.01,48.3,22.02,25.89,7.72,8.53,Normal,Normal,0.0,1.0,0.0,0.0
1143,47.54,24.01,35.53,30.99,8.64,10.0,Caution,Caution,0.94,0.0,0.0,0.06
612,147.52,79.64,3.89,29.4,7.64,5.49,Normal,Normal,0.0,1.0,0.0,0.0
1976,4360.48,2712.36,151.39,36.12,9.87,13.21,Severe,Severe,0.0,0.0,0.84,0.16
700,937.92,542.51,31.07,31.23,6.21,4.35,Caution,Caution,1.0,0.0,0.0,0.0
2111,4921.32,3240.07,485.81,18.06,10.11,1.3,Severe,Severe,0.0,0.0,1.0,0.0
1702,1336.39,737.99,130.42,22.99,9.48,3.41,Warning,Warning,0.02,0.0,0.0,0.98
2123,3862.46,2016.45,422.91,18.47,4.69,14.11,Severe,Severe,0.0,0.0,1.0,0.0
505,251.87,158.75,20.88,29.75,7.94,7.68,Normal,Normal,0.0,1.0,0.0,0.0
731,36.13,12.71,40.96,24.23,8.56,4.97,Caution,Caution,1.0,0.0,0.0,0.0
1944,2339.95,980.94,330.13,15.63,5.36,12.56,Severe,Severe,0.0,0.0,0.97,0.03
1347,16.36,12.09,82.93,32.94,5.64,10.36,Warning,Warning,0.0,0.0,0.0,1.0
1294,738.43,391.38,33.62,30.04,8.72,4.66,Caution,Caution,0.995,0.005,0.0,0.0
464,244.11,142.15,20.67,28.19,7.45,7.06,Normal,Normal,0.0,1.0,0.0,0.0
1392,15.66,4.12,90.12,21.15,9.42,2.56,Warning,Warning,0.0,0.0,0.0,1.0
2050,3925.6,2399.05,347.12,15.89,10.21,1.28,Severe,Severe,0.0,0.0,1.0,0.0
968,33.7,16.67,26.92,31.27,8.72,4.52,Caution,Caution,1.0,0.0,0.0,0.0
1654,1776.72,937.78,98.09,33.25,9.1,10.65,Warning,Warning,0.0,0.0,0.0,1.0
1821,8.63,2.39,154.84,34.71,9.97,15.18,Severe,Severe,0.0,0.0,0.955,0.045
1779,1936.19,1294.69,66.39,33.9,9.15,11.41,Warning,Warning,0.0,0.0,0.025,0.975
1925,9.5,3.74,449.22,36.0,4.86,15.48,Severe,Severe,0.0,0.0,0.995,0.005
1125,965.32,627.68,44.76,23.63,6.17,9.05,Caution,Caution,0.97,0.0,0.0,0.03
1762,18.27,11.4,148.09,32.76,9.42,10.46,Warning,Warning,0.0,0.0,0.0,1.0
433,244.55,156.5,20.84,27.76,7.39,6.64,Normal,Normal,0.0,1.0,0.0,0.0
1805,3.22,0.0,296.41,18.82,5.35,0.87,Severe,Severe,0.0,0.0,1.0,0.0
1513,1064.01,583.68,62.33,20.58,5.98,3.24,Warning,Warning,0.005,0.0,0.0,0.995
1242,811.9,370.47,40.6,23.31,8.53,4.86,Caution,Caution,1.0,0.0,0.0,0.0
580,106.0,66.83,11.0,29.22,7.43,8.21,Normal,Normal,0.0,1.0,0.0,0.0
1065,21.55,17.86,35.94,30.73,6.49,9.69,Caution,Caution,1.0,0.0,0.0,0.0
1218,40.22,6.82,43.68,30.19,6.04,4.25,Caution,Caution,1.0,0.0,0.0,0.0
586,249.96,130.26,9.22,27.62,7.46,8.1,Normal,Normal,0.0,1.0,0.0,0.0
1768,1831.09,1017.97,52.15,20.17,9.32,2.33,Warning,Warning,0.005,0.0,0.0,0.995
1078,978.34,507.6,47.29,24.33,8.9,9.89,Caution,Caution,1.0,0.0,0.0,0.0
377,113.58,64.29,7.41,27.37,7.98,7.28,Normal,Normal,0.0,1.0,0.0,0.0
1328,1564.65,738.54,88.16,33.57,5.89,2.84,Warning,Warning,0.0,0.0,0.0,1.0
1608,16.83,3.35,50.39,32.2,9.16,3.15,Warning,Warning,0.005,0.0,0.0,0.995
1665,14.97,6.46,57.79,33.65,9.43,10.76,Warning,Warning,0.0,0.0,0.0,1.0
1455,10.89,0.45,102.5,33.3,5.69,3.28,Warning,Warning,0.0,0.0,0.0,1.0
793,28.13,22.0,44.43,24.22,8.55,4.46,Caution,Caution,1.0,0.0,0.0,0.0
368,116.58,60.45,22.92,29.38,8.42,5.61,Normal,Normal,0.0,1.0,0.0,0.0
1596,1667.99,1007.01,114.59,21.11,9.29,3.25,Warning,Warning,0.0,0.0,0.0,1.0
613,350.57,186.53,23.09,26.62,8.38,8.26,Normal,Normal,0.0,1.0,0.0,0.0
839,802.92,420.29,44.55,24.98,6.1,9.22,Caution,Caution,0.995,0.005,0.0,0.0
219,207.3,94.07,14.89,26.01,7.78,8.55,Normal,Normal,0.0,1.0,0.0,0.0
805,664.12,329.11,41.95,30.88,8.78,4.23,Caution,Caution,1.0,0.0,0.0,0.0
549,317.99,166.99,23.06,25.1,7.99,6.09,Normal,Normal,0.0,1.0,0.0,0.0
1775,15.15,9.37,118.19,22.81,5.71,2.75,Warning,Warning,0.0,0.0,0.0,1.0
719,21.4,18.52,38.39,31.55,8.62,4.62,Caution,Caution,1.0,0.0,0.0,0.0
1678,1829.97,847.82,78.15,32.74,9.1,10.69,Warning,Warning,0.0,0.0,0.0,1.0
54,364.15,161.19,21.11,29.0,6.61,8.71,Normal,Normal,0.0,1.0,0.0,0.0
90,280.73,115.7,11.39,25.51,7.62,7.61,Normal,Normal,0.0,1.0,0.0,0.0
454,129.41,71.52,2.24,26.38,7.57,5.12,Normal,Normal,0.0,1.0,0.0,0.0
1745,1982.61,1078.71,64.39,33.37,5.56,10.3,Warning,Warning,0.0,0.0,0.005,0.995
610,170.92,86.82,17.61,26.13,8.5,6.12,Normal,Normal,0.0,1.0,0.0,0.0
1536,12.24,11.11,114.85,20.97,9.49,10.48,Warning,Warning,0.0,0.0,0.0,1.0
1495,16.44,8.26,129.24,22.92,9.3,3.59,Warning,Warning,0.0,0.0,0.0,1.0
485,348.49,200.14,13.38,29.64,8.2,6.02,Normal,Normal,0.0,1.0,0.0,0.0
1682,1901.54,1077.34,134.14,20.76,5.68,10.3,Warning,Warning,0.0,0.0,0.0,1.0
590,156.5,96.73,22.82,26.58,7.32,8.66,Normal,Normal,0.0,1.0,0.0,0.0
1338,12.15,15.09,50.01,33.31,9.41,10.36,Warning,Warning,0.175,0.0,0.0,0.825
1442,16.59,3.47,113.93,22.57,5.71,10.56,Warning,Warning,0.0,0.0,0.0,1.0
2059,6.72,1.41,456.07,16.15,10.49,12.17,Severe,Severe,0.0,0.0,1.0,0.0
940,30.33,9.99,42.62,23.83,6.0,9.67,Caution,Caution,0.9,0.0,0.0,0.1
596,498.94,290.87,22.99,26.38,6.66,7.62,Normal,Normal,0.01,0.99,0.0,0.0
906,40.64,23.07,37.84,30.43,8.61,4.62,Caution,Caution,1.0,0.0,0.0,0.0
466,248.55,122.98,6.07,26.28,8.45,7.9,Normal,Normal,0.0,1.0,0.0,0.0
2052,4.74,5.71,436.9,37.98,9.64,12.16,Severe,Severe,0.0,0.0,1.0,0.0
1956,4665.68,2551.59,363.6,36.12,9.64,14.41,Severe,Severe,0.0,0.0,1.0,0.0
1204,876.49,504.45,41.43,30.63,6.16,9.08,Caution,Caution,1.0,0.0,0.0,0.0
1350,1794.33,987.61,105.71,32.39,5.92,10.25,Warning,Warning,0.0,0.0,0.0,1.0
1360,12.95,10.17,59.51,33.04,5.58,3.47,Warning,Warning,0.0,0.0,0.0,1.0
1250,32.96,23.66,36.4,24.09,8.8,9.44,Caution,Caution,1.0,0.0,0.0,0.0
1815,2635.9,1463.04,415.31,18.24,10.15,1.68,Severe,Severe,0.0,0.0,1.0,0.0
1970,2790.44,1642.44,503.86,15.26,10.37,14.79,Severe,Severe,0.0,0.0,1.0,0.0
2036,3428.5,1750.18,376.28,35.21,5.44,15.22,Severe,Severe,0.0,0.0,1.0,0.0
348,83.81,62.92,18.76,29.67,7.58,6.54,Normal,Normal,0.0,1.0,0.0,0.0
897,607.5,329.27,42.58,24.2,6.03,9.28,Caution,Caution,1.0,0.0,0.0,0.0
978,23.39,18.02,31.91,23.98,6.02,9.15,Caution,Caution,1.0,0.0,0.0,0.0
2009,6.21,0.0,226.17,36.06,10.1,12.33,Severe,Severe,0.0,0.0,1.0,0.0
1852,2.66,1.54,497.88,17.15,9.65,13.97,Severe,Severe,0.0,0.0,1.0,0.0
248,494.29,223.73,4.61,29.63,7.74,6.03,Normal,Normal,0.0,1.0,0.0,0.0
1308,48.52,24.79,33.31,24.04,8.64,9.84,Caution,Caution,1.0,0.0,0.0,0.0
1302,32.88,15.39,43.36,23.21,6.32,9.3,Caution,Caution,1.0,0.0,0.0,0.0
445,113.2,59.62,8.37,29.19,7.47,6.23,Normal,Normal,0.0,1.0,0.0,0.0
2144,4.38,0.0,594.54,34.26,9.94,1.92,Severe,Severe,0.0,0.0,1.0,0.0
1196,44.84,26.12,33.74,31.43,6.45,9.56,Caution,Caution,1.0,0.0,0.0,0.0
1501,11.14,11.26,125.75,33.08,5.8,11.75,Warning,Warning,0.0,0.0,0.005,0.995
1058,993.03,541.77,48.85,31.71,6.46,4.24,Caution,Caution,1.0,0.0,0.0,0.0
1006,30.96,27.91,35.7,23.77,8.99,4.88,Caution,Caution,1.0,0.0,0.0,0.0
1929,1.37,1.81,391.6,16.14,10.05,1.7,Severe,Severe,0.0,0.0,1.0,0.0
604,185.66,107.12,4.31,26.37,7.35,6.72,Normal,Normal,0.0,1.0,0.0,0.0
1575,1825.3,889.13,136.13,32.05,5.8,3.86,Warning,Warning,0.0,0.0,0.0,1.0
879,36.53,26.86,35.57,30.43,6.02,4.79,Caution,Caution,1.0,0.0,0.0,0.0
909,889.96,588.07,47.49,30.09,8.54,4.15,Caution,Caution,1.0,0.0,0.0,0.0
1234,919.24,480.19,42.91,24.41,6.17,4.43,Caution,Caution,1.0,0.0,0.0,0.0
461,243.51,125.78,22.2,26.5,7.35,5.19,Normal,Normal,0.0,1.0,0.0,0.0
1506,18.42,14.55,104.07,22.85,9.01,10.0,Warning,Warning,0.075,0.0,0.0,0.925
716,45.08,24.09,42.32,24.11,8.62,4.24,Caution,Caution,1.0,0.0,0.0,0.0
865,36.36,27.17,26.48,31.93,8.87,9.62,Caution,Caution,1.0,0.0,0.0,0.0
309,114.35,57.11,5.63,27.6,7.95,6.47,Normal,Normal,0.0,1.0,0.0,0.0
1819,3200.6,1474.55,200.45,17.71,10.28,1.08,Severe,Severe,0.0,0.0,1.0,0.0
1419,1096.51,497.27,56.17,20.34,5.69,11.4,Warning,Warning,0.04,0.0,0.0,0.96
1525,16.66,9.94,111.02,32.43,9.37,10.53,Warning,Warning,0.0,0.0,0.0,1.0
1754,15.73,4.17,55.86,32.22,5.94,3.75,Warning,Warning,0.0,0.0,0.0,1.0
297,431.45,206.86,6.7,28.01,8.24,5.54,Normal,Normal,0.0,1.0,0.0,0.0
1597,14.36,6.39,127.35,32.48,9.38,11.35,Warning,Warning,0.0,0.0,0.0,1.0
923,37.36,15.59,42.76,24.16,8.97,9.4,Caution,Caution,1.0,0.0,0.0,0.0
1141,541.78,326.93,25.45,30.26,8.51,9.31,Caution,Caution,0.99,0.01,0.0,0.0
349,396.68,210.81,24.96,28.13,7.66,6.41,Normal,Normal,0.03,0.97,0.0,0.0
1102,31.87,7.29,49.48,23.41,6.36,9.04,Caution,Caution,1.0,0.0,0.0,0.0
2053,5.17,6.71,329.54,19.3,4.94,14.02,Severe,Severe,0.0,0.0,1.0,0.0
513,439.33,234.53,8.63,28.84,7.5,6.07,Normal,Normal,0.0,1.0,0.0,0.0
943,39.2,25.44,27.01,31.4,6.11,4.8,Caution,Caution,1.0,0.0,0.0,0.0
813,25.27,15.15,39.41,30.58,6.24,9.36,Caution,Caution,1.0,0.0,0.0,0.0
1844,4.33,1.18,449.39,36.32,4.93,14.49,Severe,Severe,0.0,0.0,1.0,0.0
1225,48.77,26.8,46.22,31.75,8.86,9.64,Caution,Caution,1.0,0.0,0.0,0.0
1764,1892.23,1213.04,58.7,32.03,9.19,3.08,Warning,Warning,0.015,0.0,0.01,0.975
1075,503.97,315.7,43.25,30.0,6.4,9.26,Caution,Caution,0.99,0.01,0.0,0.0
2130,8.06,8.23,519.18,36.84,10.01,1.4,Severe,Severe,0.0,0.0,1.0,0.0
1577,1312.63,724.15,145.36,32.21,9.17,3.61,Warning,Warning,0.0,0.0,0.0,1.0
455,144.59,74.57,8.42,26.24,7.28,8.44,Normal,Normal,0.0,1.0,0.0,0.0
1311,14.12,5.91,82.74,33.5,9.43,3.82,Warning,Warning,0.0,0.0,0.0,1.0
758,46.16,31.52,41.46,24.75,8.6,4.29,Caution,Caution,1.0,0.0,0.0,0.0
165,273.39,124.69,12.18,25.13,7.63,7.97,Normal,Normal,0.0,1.0,0.0,0.0
1871,3142.25,1912.97,243.66,18.91,10.04,1.08,Severe,Severe,0.0,0.0,1.0,0.0
49,336.68,188.04,3.93,29.76,7.94,5.47,Normal,Normal,0.0,1.0,0.0,0.0
1206,22.83,5.66,41.68,24.34,8.91,4.16,Caution,Caution,1.0,0.0,0.0,0.0
462,351.54,217.21,11.54,25.3,7.87,5.61,Normal,Normal,0.0,1.0,0.0,0.0
138,112.25,51.96,19.58,26.68,6.52,8.19,Normal,Normal,0.0,1.0,0.0,0.0
276,442.64,291.88,12.58,25.52,6.81,9.0,Normal,Normal,0.06,0.94,0.0,0.0
157,389.42,222.31,20.68,28.1,6.73,5.49,Normal,Normal,0.0,1.0,0.0,0.0
1408,13.55,4.3,113.7,33.34,9.26,11.31,Warning,Warning,0.0,0.0,0.0,1.0
997,587.52,365.04,29.72,30.79,8.62,9.24,Caution,Caution,1.0,0.0,0.0,0.0
1385,1394.44,893.28,119.27,22.42,9.07,10.16,Warning,Warning,0.0,0.0,0.0,1.0
225,110.79,61.65,17.64,28.11,7.61,7.44,Normal,Normal,0.0,1.0,0.0,0.0
1289,27.21,14.78,26.85,31.55,8.67,9.94,Caution,Caution,1.0,0.0,0.0,0.0
120,291.46,138.87,11.43,27.59,8.05,6.96,Normal,Normal,0.0,1.0,0.0,0.0
1172,513.82,308.86,45.46,31.44,6.18,4.38,Caution,Caution,1.0,0.0,0.0,0.0
2018,8.88,4.96,291.49,16.21,9.76,0.73,Severe,Severe,0.0,0.0,1.0,0.0
1698,19.36,1.15,118.36,21.97,9.5,2.55,Warning,Warning,0.0,0.0,0.03,0.97
57,491.01,296.1,12.01,25.87,7.92,5.37,Normal,Normal,0.005,0.995,0.0,0.0
1958,6.56,11.66,285.13,17.94,9.59,14.56,Severe,Severe,0.0,0.0,1.0,0.0
907,21.76,19.83,45.94,30.57,8.71,4.66,Caution,Caution,1.0,0.0,0.0,0.0
1653,1807.29,800.31,132.54,22.15,5.96,10.86,Warning,Warning,0.0,0.0,0.0,1.0
18,269.0,166.18,12.78,27.41,8.42,8.13,Normal,Normal,0.0,1.0,0.0,0.0
383,458.06,271.81,9.1,29.08,8.43,7.89,Normal,Normal,0.0,1.0,0.0,0.0
2060,7.73,1.1,368.94,34.66,10.06,13.62,Severe,Severe,0.0,0.0,1.0,0.0
294,270.0,176.33,13.02,27.74,6.97,6.7,Normal,Normal,0.0,1.0,0.0,0.0
1354,17.3,1.53,144.83,22.0,5.88,2.54,Warning,Warning,0.0,0.0,0.0,1.0
1429,19.48,15.29,62.65,20.31,9.39,3.67,Warning,Warning,0.0,0.0,0.0,1.0
752,744.37,368.35,40.01,31.38,8.98,4.51,Caution,Caution,1.0,0.0,0.0,0.0
1038,38.72,16.24,26.18,31.04,6.23,9.06,Caution,Caution,1.0,0.0,0.0,0.0
1594,1977.87,846.73,96.38,21.38,9.28,3.6,Warning,Warning,0.0,0.0,0.005,0.995
1433,1522.63,751.32,149.19,20.44,9.13,11.75,Warning,Warning,0.0,0.0,0.005,0.995
644,692.46,416.04,25.08,23.01,8.52,4.5,Caution,Caution,0.925,0.035,0.0,0.04
1317,11.43,4.04,136.93,22.16,9.1,11.01,Warning,Warning,0.0,0.0,0.0,1.0
421,479.42,303.75,7.88,25.05,7.35,8.66,Normal,Normal,0.005,0.995,0.0,0.0
885,528.39,331.74,34.98,24.66,8.77,9.44,Caution,Caution,1.0,0.0,0.0,0.0
1683,12.96,4.62,145.21,32.82,5.51,3.99,Warning,Warning,0.045,0.0,0.0,0.955
824,613.87,281.43,49.84,30.61,8.83,4.53,Caution,Caution,1.0,0.0,0.0,0.0
1697,11.75,0.0,131.75,22.88,5.94,3.9,Warning,Warning,0.0,0.0,0.0,1.0
1439,1787.44,1169.98,56.07,22.95,9.4,10.65,Warning,Warning,0.015,0.0,0.01,0.975
312,65.25,45.86,17.39,26.06,7.6,8.28,Normal,Normal,0.0,1.0,0.0,0.0
677,48.64,31.17,45.26,24.35,6.21,4.92,Caution,Caution,1.0,0.0,0.0,0.0
38,291.23,166.05,13.34,28.21,8.06,8.12,Normal,Normal,0.0,1.0,0.0,0.0
1671,14.82,16.13,107.81,32.92,5.53,11.94,Warning,Warning,0.0,0.0,0.01,0.99
34,101.97,48.18,1.51,25.83,8.34,6.14,Normal,Normal,0.0,1.0,0.0,0.0
472,107.55,59.51,9.38,27.62,6.95,8.71,Normal,Normal,0.0,1.0,0.0,0.0
770,21.4,13.87,39.72,24.75,6.16,9.77,Caution,Caution,1.0,0.0,0.0,0.0
1757,14.35,7.62,63.34,20.23,5.6,3.59,Warning,Warning,0.0,0.0,0.0,1.0
194,216.17,126.7,6.66,25.65,7.05,6.76,Normal,Normal,0.0,1.0,0.0,0.0
2049,2.48,0.0,312.25,16.11,5.19,1.76,Severe,Severe,0.0,0.0,1.0,0.0
2142,4866.98,2485.0,178.06,15.53,10.02,12.22,Severe,Severe,0.0,0.0,1.0,0.0
1701,1956.46,1203.86,120.48,22.63,9.21,11.04,Warning,Warning,0.0,0.0,0.005,0.995
128,347.0,234.36,8.26,28.75,8.28,8.97,Normal,Normal,0.0,1.0,0.0,0.0
1278,766.06,508.65,48.8,23.64,6.45,4.22,Caution,Caution,1.0,0.0,0.0,0.0
1085,692.93,439.37,26.16,24.77,8.7,9.91,Caution,Caution,1.0,0.0,0.0,0.0
556,236.64,154.13,8.85,25.22,7.67,8.3,Normal,Normal,0.0,1.0,0.0,0.0
237,311.78,195.68,1.52,26.38,7.81,5.26,Normal,Normal,0.0,1.0,0.0,0.0
1170,639.69,292.62,25.87,24.53,8.65,9.02,Caution,Caution,1.0,0.0,0.0,0.0
1755,13.07,10.93,111.57,33.92,9.23,2.11,Warning,Warning,0.0,0.0,0.0,1.0
1524,1730.54,1102.56,129.39,21.01,5.58,11.41,Warning,Warning,0.0,0.0,0.005,0.995
1879,3666.28,2207.17,392.22,17.53,4.8,1.45,Severe,Severe,0.0,0.0,1.0,0.0
1602,10.27,5.35,60.3,32.34,5.74,2.04,Warning,Warning,0.0,0.0,0.0,1.0
232,312.1,205.28,24.84,26.43,6.95,6.0,Normal,Normal,0.0,1.0,0.0,0.0
1307,535.2,302.37,27.03,31.96,6.06,4.63,Caution,Caution,1.0,0.0,0.0,0.0
900,974.2,421.94,31.83,23.25,8.54,9.65,Caution,Caution,1.0,0.0,0.0,0.0
776,849.66,472.78,38.31,31.15,6.22,9.5,Caution,Caution,1.0,0.0,0.0,0.0
1781,1081.11,619.58,112.88,33.66,9.47,2.47,Warning,Warning,0.0,0.0,0.0,1.0
362,220.61,144.88,16.57,29.66,7.27,5.6,Normal,Normal,0.0,1.0,0.0,0.0
296,187.47,100.63,7.02,27.61,7.23,6.85,Normal,Normal,0.0,1.0,0.0,0.0
769,736.02,423.11,34.35,24.7,6.33,9.85,Caution,Caution,1.0,0.0,0.0,0.0
2006,2585.49,1208.55,584.56,34.03,9.74,0.73,Severe,Severe,0.0,0.0,1.0,0.0
1491,1092.45,700.41,74.17,32.76,9.02,2.52,Warning,Warning,0.0,0.0,0.0,1.0
936,27.49,21.87,43.99,31.67,6.07,9.69,Caution,Caution,1.0,0.0,0.0,0.0
1295,41.67,24.18,39.45,30.31,6.39,4.87,Caution,Caution,1.0,0.0,0.0,0.0
1450,1578.94,945.77,142.7,22.8,5.81,10.82,Warning,Warning,0.0,0.0,0.0,1.0
190,288.23,178.03,22.19,25.77,8.41,5.79,Normal,Normal,0.0,1.0,0.0,0.0
1057,36.24,20.43,40.98,31.15,8.54,4.08,Caution,Caution,1.0,0.0,0.0,0.0
508,308.29,159.59,4.75,25.15,6.85,6.63,Normal,Normal,0.0,1.0,0.0,0.0
1105,761.4,319.84,38.41,30.22,6.36,9.94,Caution,Caution,1.0,0.0,0.0,0.0
1868,9.62,0.0,312.28,17.58,10.23,1.89,Severe,Severe,0.0,0.0,1.0,0.0
2151,3618.43,1811.65,219.1,37.5,9.91,1.66,Severe,Severe,0.0,0.0,1.0,0.0
1895,2012.18,911.67,159.1,17.03,9.82,1.35,Severe,Severe,0.0,0.0,0.735,0.265
1484,1557.77,920.99,87.04,22.1,9.18,10.5,Warning,Warning,0.0,0.0,0.0,1.0
1069,32.77,18.88,26.2,24.6,6.42,4.67,Caution,Caution,1.0,0.0,0.0,0.0
1549,1916.98,1093.96,68.5,21.03,9.17,3.38,Warning,Warning,0.0,0.0,0.005,0.995
1249,715.56,486.76,30.1,23.27,6.33,4.58,Caution,Caution,1.0,0.0,0.0,0.0
1136,22.31,16.99,30.47,31.65,8.84,9.54,Caution,Caution,1.0,0.0,0.0,0.0
1103,896.16,543.55,31.64,30.09,6.25,4.94,Caution,Caution,1.0,0.0,0.0,0.0
1607,1607.81,770.2,82.69,22.2,5.77,2.91,Warning,Warning,0.0,0.0,0.0,1.0
2020,3.73,2.03,479.12,35.82,10.39,0.81,Severe,Severe,0.0,0.0,1.0,0.0
1322,1414.41,746.28,60.37,21.6,9.18,10.94,Warning,Warning,0.0,0.0,0.0,1.0
1716,1987.06,1005.06,85.95,32.12,9.45,2.63,Warning,Warning,0.0,0.0,0.01,0.99
712,920.39,460.91,38.23,24.69,6.29,9.03,Caution,Caution,1.0,0.0,0.0,0.0
1994,4.71,5.75,466.39,16.52,9.8,0.7,Severe,Severe,0.0,0.0,1.0,0.0
300,412.6,234.21,6.93,28.96,7.69,8.01,Normal,Normal,0.0,1.0,0.0,0.0
1690,17.81,15.17,98.07,32.35,5.9,10.55,Warning,Warning,0.0,0.0,0.0,1.0
9,63.87,30.53,11.48,27.77,7.77,7.24,Normal,Normal,0.0,1.0,0.0,0.0
1552,1544.83,966.32,143.85,33.57,5.75,3.23,Warning,Warning,0.0,0.0,0.0,1.0
2139,2015.34,1062.22,408.82,19.2,9.85,12.75,Severe,Severe,0.0,0.0,0.845,0.155
1229,40.9,21.19,37.91,23.44,8.75,4.18,Caution,Caution,1.0,0.0,0.0,0.0
468,204.72,106.14,7.28,27.25,7.52,8.01,Normal,Normal,0.0,1.0,0.0,0.0
901,36.06,15.46,47.77,30.72,8.53,9.22,Caution,Caution,1.0,0.0,0.0,0.0
694,951.93,460.75,45.98,23.13,6.41,4.76,Caution,Caution,1.0,0.0,0.0,0.0
432,185.57,115.41,8.45,28.76,7.08,8.17,Normal,Normal,0.0,1.0,0.0,0.0
1147,987.07,592.14,26.29,30.13,8.7,4.43,Caution,Caution,1.0,0.0,0.0,0.0
1736,1386.48,719.12,138.62,32.74,9.46,3.03,Warning,Warning,0.0,0.0,0.0,1.0
1068,34.93,13.42,35.72,30.29,8.65,9.89,Caution,Caution,1.0,0.0,0.0,0.0
1905,2814.96,1372.97,323.6,37.72,10.41,13.23,Severe,Severe,0.0,0.0,1.0,0.0
1335,1796.23,1038.89,63.3,33.41,5.85,11.75,Warning,Warning,0.0,0.0,0.0,1.0
200,113.02,64.57,17.27,29.06,6.85,6.06,Normal,Normal,0.0,1.0,0.0,0.0
1273,759.21,492.21,29.95,31.41,6.2,9.67,Caution,Caution,1.0,0.0,0.0,0.0
10,182.12,103.03,16.89,26.17,8.21,5.23,Normal,Normal,0.0,1.0,0.0,0.0
1569,1383.29,667.69,73.85,20.75,9.39,2.93,Warning,Warning,0.0,0.0,0.0,1.0
1517,1283.66,771.68,111.57,32.68,9.32,10.24,Warning,Warning,0.0,0.0,0.0,1.0
811,854.11,513.43,37.35,31.41,6.32,4.56,Caution,Caution,1.0,0.0,0.0,0.0
431,406.33,246.42,11.83,29.69,8.06,8.61,Normal,Normal,0.0,1.0,0.0,0.0
728,46.1,18.05,37.17,30.81,6.44,9.15,Caution,Caution,1.0,0.0,0.0,0.0
1610,18.94,10.72,123.57,21.38,9.21,2.56,Warning,Warning,0.0,0.0,0.0,1.0
166,171.65,93.2,4.85,29.39,7.16,6.49,Normal,Normal,0.0,1.0,0.0,0.0
1099,555.36,334.34,42.74,24.45,8.77,9.98,Caution,Caution,1.0,0.0,0.0,0.0
766,45.66,37.76,31.24,31.48,8.86,4.72,Caution,Caution,1.0,0.0,0.0,0.0
1865,2282.39,1293.53,567.07,34.0,9.93,1.44,Severe,Severe,0.0,0.0,0.875,0.125
343,375.81,174.71,21.1,27.49,6.87,5.13,Normal,Normal,0.0,1.0,0.0,0.0
1576,18.75,12.95,108.02,32.29,9.42,10.36,Warning,Warning,0.0,0.0,0.0,1.0
1508,1450.64,865.21,68.01,33.38,9.2,10.35,Warning,Warning,0.0,0.0,0.0,1.0
1942,4860.74,2619.81,195.12,16.51,9.92,1.17,Severe,Severe,0.0,0.0,1.0,0.0
2147,2694.87,1658.17,280.09,35.45,9.76,15.11,Severe,Severe,0.0,0.0,1.0,0.0
444,133.0,85.83,24.36,28.56,7.53,7.02,Normal,Normal,0.0,1.0,0.0,0.0
178,226.18,106.97,3.15,27.28,7.47,6.55,Normal,Normal,0.0,1.0,0.0,0.0
1365,10.28,8.63,96.9,21.81,5.66,3.1,Warning,Warning,0.0,0.0,0.005,0.995
583,109.57,63.98,2.86,28.3,7.06,5.57,Normal,Normal,0.0,1.0,0.0,0.0
1880,1.59,5.67,527.26,35.57,4.6,0.94,Severe,Severe,0.0,0.0,1.0,0.0
1432,1647.07,1030.74,125.6,32.25,5.86,2.89,Warning,Warning,0.0,0.0,0.005,0.995
1796,4782.9,2435.44,467.85,19.56,4.96,13.27,Severe,Severe,0.0,0.0,1.0,0.0
245,382.9,213.47,2.8,27.09,7.73,7.29,Normal,Normal,0.0,1.0,0.0,0.0
1550,1722.87,803.3,111.22,32.07,9.27,10.67,Warning,Warning,0.0,0.0,0.0,1.0
555,347.2,180.07,13.67,29.21,6.54,8.89,Normal,Normal,0.0,1.0,0.0,0.0
1862,2303.9,1493.35,203.26,37.46,10.49,1.64,Severe,Severe,0.0,0.0,0.995,0.005
930,47.12,25.91,37.98,24.34,6.31,9.85,Caution,Caution,1.0,0.0,0.0,0.0
1388,11.77,5.26,118.94,33.21,5.7,3.97,Warning,Warning,0.005,0.0,0.0,0.995
1111,968.29,575.11,45.17,31.94,6.02,9.23,Caution,Caution,1.0,0.0,0.0,0.0
1498,15.57,7.1,72.73,22.33,9.38,11.68,Warning,Warning,0.0,0.0,0.0,1.0
827,668.74,448.33,28.68,23.12,8.79,9.04,Caution,Caution,1.0,0.0,0.0,0.0
1588,15.69,2.18,64.5,22.77,5.77,2.88,Warning,Warning,0.0,0.0,0.0,1.0
899,847.11,386.52,25.84,24.49,8.75,9.02,Caution,Caution,1.0,0.0,0.0,0.0
1372,14.27,16.69,129.7,22.79,5.78,2.44,Warning,Warning,0.0,0.0,0.0,1.0
379,465.93,244.05,19.35,25.92,6.51,7.54,Normal,Normal,0.01,0.99,0.0,0.0
585,434.54,254.94,10.6,27.36,7.96,5.98,Normal,Normal,0.0,1.0,0.0,0.0
1901,8.14,1.69,196.1,34.07,5.48,14.0,Severe,Severe,0.0,0.0,0.965,0.035
1798,4.38,0.0,295.14,37.38,9.77,14.03,Severe,Severe,0.0,0.0,1.0,0.0
916,49.34,29.9,38.74,30.92,6.21,9.93,Caution,Caution,1.0,0.0,0.0,0.0
765,42.4,25.78,36.8,30.59,6.38,4.49,Caution,Caution,1.0,0.0,0.0,0.0
1368,16.36,6.07,71.56,22.8,5.78,11.31,Warning,Warning,0.0,0.0,0.0,1.0
1340,1004.45,491.57,70.57,22.11,5.79,3.01,Warning,Warning,0.07,0.0,0.0,0.93
2135,2.94,0.0,363.25,17.8,4.73,1.85,Severe,Severe,0.0,0.0,1.0,0.0
289,128.54,68.33,19.34,25.9,7.27,6.41,Normal,Normal,0.0,1.0,0.0,0.0
409,92.4,53.08,5.58,28.32,6.71,5.13,Normal,Normal,0.0,1.0,0.0,0.0
1717,1741.37,1089.82,86.47,33.9,9.11,11.57,Warning,Warning,0.0,0.0,0.0,1.0
973,623.87,370.05,36.51,23.11,6.49,4.32,Caution,Caution,1.0,0.0,0.0,0.0
1943,4411.28,2184.03,470.32,37.14,5.2,1.33,Severe,Severe,0.0,0.0,1.0,0.0
1890,2616.82,1546.97,375.23,37.25,4.77,0.79,Severe,Severe,0.0,0.0,1.0,0.0
1788,7.42,7.64,279.05,18.87,9.58,0.97,Severe,Severe,0.0,0.0,1.0,0.0
1966,1.46,0.0,336.73,17.34,4.68,1.23,Severe,Severe,0.0,0.0,1.0,0.0
2104,3687.14,2094.53,225.14,37.99,9.98,12.39,Severe,Severe,0.0,0.0,1.0,0.0
1947,3.27,1.26,280.52,36.95,4.91,15.96,Severe,Severe,0.0,0.0,1.0,0.0
1053,48.69,31.29,47.62,24.28,9.0,9.25,Caution,Caution,0.925,0.0,0.0,0.075
254,474.08,271.19,1.53,27.11,7.19,5.4,Normal,Normal,0.0,1.0,0.0,0.0
136,266.27,133.41,11.95,28.72,8.46,8.06,Normal,Normal,0.0,1.0,0.0,0.0
1070,48.97,26.78,49.89,23.53,8.68,9.83,Caution,Caution,1.0,0.0,0.0,0.0
385,462.23,311.05,21.41,27.73,7.41,8.68,Normal,Normal,0.005,0.995,0.0,0.0
1073,24.59,24.26,30.51,23.12,6.37,9.38,Caution,Caution,1.0,0.0,0.0,0.0
149,443.79,264.59,24.41,28.27,6.77,6.79,Normal,Normal,0.0,1.0,0.0,0.0
1045,854.8,468.6,40.26,31.34,8.89,4.66,Caution,Caution,1.0,0.0,0.0,0.0
1241,31.97,18.46,33.53,24.47,8.94,9.36,Caution,Caution,1.0,0.0,0.0,0.0
1179,872.14,469.08,43.17,31.17,8.69,9.7,Caution,Caution,1.0,0.0,0.0,0.0
21,299.68,189.62,9.9,29.58,6.72,5.92,Normal,Normal,0.0,1.0,0.0,0.0
2027,4402.85,2027.39,204.43,36.56,10.1,13.36,Severe,Severe,0.0,0.0,1.0,0.0
1791,3480.43,1866.18,296.51,37.47,5.13,0.8,Severe,Severe,0.0,0.0,1.0,0.0
1378,1022.19,502.17,100.76,33.78,9.48,3.53,Warning,Warning,0.015,0.0,0.0,0.985
2119,3274.21,1910.28,363.62,36.64,10.34,15.77,Severe,Severe,0.0,0.0,1.0,0.0
380,93.9,50.35,16.56,29.59,7.79,5.99,Normal,Normal,0.0,1.0,0.0,0.0
1411,16.97,6.84,54.67,32.81,5.51,3.41,Warning,Warning,0.0,0.0,0.0,1.0
1986,2263.51,1371.28,519.48,34.84,10.48,0.75,Severe,Severe,0.0,0.0,0.995,0.005
925,28.5,24.49,33.45,23.09,6.28,4.32,Caution,Caution,0.995,0.0,0.0,0.005
514,118.65,61.15,13.45,29.44,8.1,6.54,Normal,Normal,0.0,1.0,0.0,0.0
352,480.14,295.57,24.54,26.44,8.35,7.72,Normal,Normal,0.005,0.995,0.0,0.0
652,524.87,328.69,33.2,31.17,8.6,9.15,Caution,Caution,1.0,0.0,0.0,0.0
798,689.8,419.77,47.12,23.32,8.6,9.41,Caution,Caution,1.0,0.0,0.0,0.0
1741,1103.92,711.74,103.17,21.3,5.9,10.39,Warning,Warning,0.0,0.0,0.0,1.0
1713,14.6,7.92,141.9,20.68,5.88,3.81,Warning,Warning,0.0,0.0,0.0,1.0
774,639.99,299.49,46.59,31.69,8.76,4.04,Caution,Caution,1.0,0.0,0.0,0.0
1371,1934.1,950.33,78.83,21.55,9.19,2.31,Warning,Warning,0.0,0.0,0.0,1.0
533,435.53,257.65,7.94,26.06,8.22,5.17,Normal,Normal,0.0,1.0,0.0,0.0
1531,1801.07,1019.08,146.43,32.18,5.52,2.63,Warning,Warning,0.0,0.0,0.005,0.995
488,187.21,105.8,13.45,29.33,7.45,6.55,Normal,Normal,0.0,1.0,0.0,0.0
953,710.23,458.61,44.97,30.05,8.5,4.65,Caution,Caution,0.965,0.035,0.0,0.0
892,42.06,25.89,31.08,24.0,6.12,9.18,Caution,Caution,1.0,0.0,0.0,0.0
1200,727.86,427.22,38.82,31.06,6.13,9.86,Caution,Caution,1.0,0.0,0.0,0.0
1918,2.64,0.0,292.47,17.15,4.83,0.85,Severe,Severe,0.0,0.0,1.0,0.0
2083,2754.89,1583.65,199.02,18.99,5.11,0.64,Severe,Severe,0.0,0.0,1.0,0.0
1547,10.85,4.63,122.61,20.68,5.96,11.53,Warning,Warning,0.0,0.0,0.005,0.995
106,117.22,64.12,24.08,29.45,6.69,6.58,Normal,Normal,0.0,1.0,0.0,0.0
407,393.54,196.46,23.84,26.69,7.45,5.91,Normal,Normal,0.0,1.0,0.0,0.0
1071,41.02,24.78,35.1,24.86,8.98,9.4,Caution,Caution,1.0,0.0,0.0,0.0
725,49.82,34.39,46.92,23.35,8.96,4.46,Caution,Caution,1.0,0.0,0.0,0.0
177,294.57,197.03,22.57,25.63,8.39,8.18,Normal,Normal,0.0,1.0,0.0,0.0
1908,9.06,6.63,155.2,16.09,9.85,14.25,Severe,Severe,0.0,0.0,0.91,0.09
673,46.42,34.33,28.58,30.0,8.51,4.37,Caution,Caution,0.98,0.02,0.0,0.0
722,37.08,8.89,28.91,31.72,8.79,9.82,Caution,Caution,0.995,0.0,0.0,0.005
45,271.47,175.93,15.39,27.61,7.43,8.06,Normal,Normal,0.0,1.0,0.0,0.0
663,40.9,12.51,44.59,30.51,6.34,9.22,Caution,Caution,1.0,0.0,0.0,0.0
1664,10.02,8.71,124.11,22.45,5.98,2.43,Warning,Warning,0.0,0.0,0.135,0.865
151,167.08,92.51,11.05,25.25,6.55,7.41,Normal,Normal,0.0,1.0,0.0,0.0
152,191.64,115.34,14.54,26.93,7.62,6.08,Normal,Normal,0.0,1.0,0.0,0.0
658,718.88,412.48,33.6,23.29,8.93,4.15,Caution,Caution,1.0,0.0,0.0,0.0
451,483.93,252.98,15.92,26.83,7.89,5.64,Normal,Normal,0.0,1.0,0.0,0.0
2110,5.48,14.4,571.31,16.45,10.12,13.11,Severe,Severe,0.0,0.0,1.0,0.0
15,391.33,210.09,18.27,27.9,7.11,5.71,Normal,Normal,0.0,1.0,0.0,0.0
1884,2084.5,888.45,348.82,18.47,5.25,14.6,Severe,Severe,0.0,0.0,0.91,0.09
750,822.19,549.86,31.97,31.98,8.96,9.13,Caution,Caution,1.0,0.0,0.0,0.0
509,465.45,272.49,13.94,28.65,7.05,6.24,Normal,Normal,0.0,1.0,0.0,0.0
2108,3728.18,2074.71,563.66,16.83,9.53,1.32,Severe,Severe,0.0,0.0,0.96,0.04
1100,979.48,634.31,45.8,23.02,8.56,4.99,Caution,Caution,0.96,0.005,0.0,0.035
1434,10.95,4.01,120.7,33.24,5.91,2.86,Warning,Warning,0.0,0.0,0.0,1.0
2141,4849.02,3092.14,496.49,37.91,4.67,13.05,Severe,Severe,0.0,0.0,1.0,0.0
1270,512.74,274.25,25.04,31.01,8.61,4.34,Caution,Caution,0.95,0.05,0.0,0.0
2044,4617.75,2603.01,524.1,19.65,5.32,0.56,Severe,Severe,0.0,0.0,0.995,0.005
1837,9.3,6.64,482.07,36.89,4.68,15.54,Severe,Severe,0.0,0.0,0.995,0.005
1210,571.02,263.32,42.07,23.65,8.74,4.29,Caution,Caution,1.0,0.0,0.0,0.0
587,205.88,107.12,20.05,25.43,7.09,6.71,Normal,Normal,0.0,1.0,0.0,0.0
363,290.02,156.08,17.16,27.84,8.35,7.82,Normal,Normal,0.0,1.0,0.0,0.0
1666,16.45,4.57,75.1,21.73,9.0,11.47,Warning,Warning,0.08,0.0,0.0,0.92
243,58.04,37.33,23.2,29.63,8.15,5.81,Normal,Normal,0.0,1.0,0.0,0.0
816,47.21,40.5,37.97,30.01,8.8,4.06,Caution,Caution,0.995,0.005,0.0,0.0
1186,530.2,273.23,32.29,23.46,6.43,9.52,Caution,Caution,0.995,0.005,0.0,0.0
1333,1018.2,527.44,104.45,20.34,5.93,3.43,Warning,Warning,0.03,0.0,0.0,0.97
481,86.65,42.21,12.28,29.02,6.94,6.75,Normal,Normal,0.0,1.0,0.0,0.0
256,253.63,124.15,21.22,26.68,6.79,8.95,Normal,Normal,0.0,1.0,0.0,0.0
98,493.09,310.52,9.68,29.59,7.01,6.82,Normal,Normal,0.0,1.0,0.0,0.0
1511,14.83,0.0,145.49,21.27,9.49,10.07,Warning,Warning,0.0,0.0,0.005,0.995
1509,15.98,9.3,137.48,20.3,9.28,2.74,Warning,Warning,0.0,0.0,0.0,1.0
1802,3263.66,2113.18,478.62,35.88,5.1,1.16,Severe,Severe,0.0,0.0,1.0,0.0
388,334.6,196.97,4.83,28.56,7.01,7.63,Normal,Normal,0.0,1.0,0.0,0.0
1600,1294.31,612.14,108.16,22.88,9.4,3.78,Warning,Warning,0.0,0.0,0.0,1.0
740,568.04,320.26,29.87,23.53,6.36,9.62,Caution,Caution,1.0,0.0,0.0,0.0
188,277.59,142.52,18.68,26.85,8.42,6.7,Normal,Normal,0.0,1.0,0.0,0.0
1917,1.56,1.05,168.81,18.86,4.72,1.99,Severe,Severe,0.0,0.0,0.945,0.055
1212,794.2,465.85,25.22,31.44,6.13,4.25,Caution,Caution,0.99,0.01,0.0,0.0
2133,2.26,3.8,178.8,36.58,10.18,14.01,Severe,Severe,0.0,0.0,1.0,0.0
1620,1346.07,717.13,85.76,20.34,9.33,10.42,Warning,Warning,0.0,0.0,0.0,1.0
698,49.06,21.9,49.19,24.36,8.89,9.07,Caution,Caution,1.0,0.0,0.0,0.0
1221,36.82,21.93,46.96,23.1,8.74,9.35,Caution,Caution,1.0,0.0,0.0,0.0
1839,6.25,5.52,273.53,37.73,5.01,12.54,Severe,Severe,0.0,0.0,1.0,0.0
760,20.07,17.57,38.12,24.11,8.9,4.81,Caution,Caution,1.0,0.0,0.0,0.0
231,275.09,159.8,19.15,28.8,7.32,5.92,Normal,Normal,0.0,1.0,0.0,0.0
1414,1567.83,952.41,149.97,22.92,9.5,3.31,Warning,Warning,0.005,0.0,0.015,0.98
1528,17.05,9.02,138.37,22.45,9.34,2.62,Warning,Warning,0.0,0.0,0.0,1.0
1456,1905.09,1032.17,111.57,22.98,9.37,10.92,Warning,Warning,0.025,0.0,0.0,0.975
2118,4787.3,2485.71,587.48,16.97,10.17,13.65,Severe,Severe,0.0,0.0,1.0,0.0
319,258.67,153.11,1.74,28.46,7.07,5.1,Normal,Normal,0.0,1.0,0.0,0.0
1042,848.6,498.05,49.22,24.53,6.35,9.77,Caution,Caution,1.0,0.0,0.0,0.0
571,405.77,265.39,21.4,27.45,6.66,5.3,Normal,Normal,0.0,1.0,0.0,0.0
511,346.44,179.6,14.43,28.43,7.74,8.62,Normal,Normal,0.0,1.0,0.0,0.0
1297,754.57,426.0,27.91,24.85,6.22,9.36,Caution,Caution,1.0,0.0,0.0,0.0
208,432.95,217.79,21.36,28.91,7.78,5.84,Normal,Normal,0.0,1.0,0.0,0.0
1304,663.71,417.29,45.02,23.17,8.65,9.87,Caution,Caution,1.0,0.0,0.0,0.0
1945,3016.98,1517.75,429.8,36.17,9.58,0.61,Severe,Severe,0.0,0.0,1.0,0.0
818,859.07,551.8,31.08,24.06,8.53,4.07,Caution,Caution,1.0,0.0,0.0,0.0
1469,18.27,3.37,63.54,21.34,5.92,10.31,Warning,Warning,0.0,0.0,0.0,1.0
1616,1140.66,666.53,92.94,22.15,9.07,11.59,Warning,Warning,0.0,0.0,0.0,1.0
1720,11.15,2.89,77.87,33.59,9.36,2.57,Warning,Warning,0.0,0.0,0.0,1.0
1659,1395.08,636.57,141.54,33.94,5.7,10.19,Warning,Warning,0.0,0.0,0.0,1.0
891,48.95,31.59,42.33,24.53,8.85,4.5,Caution,Caution,1.0,0.0,0.0,0.0
882,20.95,7.51,35.59,30.99,8.51,9.67,Caution,Caution,0.995,0.005,0.0,0.0
1140,43.46,24.12,41.8,31.01,6.46,4.58,Caution,Caution,1.0,0.0,0.0,0.0
859,524.18,309.67,41.35,24.83,6.11,4.82,Caution,Caution,1.0,0.0,0.0,0.0
1231,47.7,28.5,29.29,24.65,6.05,9.88,Caution,Caution,1.0,0.0,0.0,0.0
1978,1.44,0.0,309.34,35.39,9.73,1.4,Severe,Severe,0.0,0.0,1.0,0.0
1777,1584.2,912.61,102.65,32.14,5.99,11.75,Warning,Warning,0.0,0.0,0.0,1.0
1135,735.82,408.66,42.01,31.66,6.18,4.49,Caution,Caution,1.0,0.0,0.0,0.0
1708,1859.77,977.36,58.58,20.15,9.08,2.7,Warning,Warning,0.0,0.0,0.0,1.0
672,23.85,17.84,30.24,23.13,6.05,9.94,Caution,Caution,1.0,0.0,0.0,0.0
2062,3059.82,1796.86,332.97,36.75,9.98,12.04,Severe,Severe,0.0,0.0,0.985,0.015
912,41.07,22.03,38.64,31.8,6.48,9.28,Caution,Caution,1.0,0.0,0.0,0.0
553,156.33,80.54,8.11,27.88,7.24,7.27,Normal,Normal,0.0,1.0,0.0,0.0
1046,45.81,19.49,39.03,30.68,6.35,9.36,Caution,Caution,1.0,0.0,0.0,0.0
2124,4721.02,3151.01,204.05,15.44,5.05,0.66,Severe,Severe,0.0,0.0,1.0,0.0
2137,5.8,0.0,375.95,36.47,9.99,1.43,Severe,Severe,0.0,0.0,1.0,0.0
2091,9.16,14.27,282.07,17.29,9.61,0.87,Severe,Severe,0.0,0.0,1.0,0.0
447,267.9,139.16,19.7,29.58,7.94,8.2,Normal,Normal,0.0,1.0,0.0,0.0
470,482.57,300.21,17.34,28.31,7.17,7.52,Normal,Normal,0.005,0.995,0.0,0.0
833,36.36,15.86,43.39,31.44,6.21,9.53,Caution,Caution,1.0,0.0,0.0,0.0
1397,1415.28,689.28,59.76,33.49,5.68,2.68,Warning,Warning,0.0,0.0,0.0,1.0
974,34.73,17.19,39.1,30.24,8.97,9.34,Caution,Caution,1.0,0.0,0.0,0.0
267,452.98,280.42,11.42,28.87,7.13,8.06,Normal,Normal,0.0,1.0,0.0,0.0
1139,527.09,341.52,34.91,24.87,8.84,9.57,Caution,Caution,1.0,0.0,0.0,0.0
697,957.03,564.26,34.52,31.79,8.84,9.95,Caution,Caution,1.0,0.0,0.0,0.0
216,228.4,97.24,23.68,26.74,6.61,8.46,Normal,Normal,0.0,1.0,0.0,0.0
1769,1013.98,538.26,141.25,33.24,9.18,10.09,Warning,Warning,0.045,0.0,0.0,0.955
946,34.54,30.3,34.32,31.79,8.84,4.16,Caution,Caution,1.0,0.0,0.0,0.0
615,333.96,187.14,4.69,28.15,8.02,8.15,Normal,Normal,0.0,1.0,0.0,0.0
1406,1412.77,741.2,92.03,22.48,5.5,2.0,Warning,Warning,0.0,0.0,0.175,0.825
1858,9.24,7.52,397.79,16.97,5.01,15.61,Severe,Severe,0.0,0.0,1.0,0.0
1817,2.67,0.63,258.47,19.38,10.44,1.05,Severe,Severe,0.0,0.0,1.0,0.0
1652,1390.4,610.64,118.68,22.14,5.74,11.78,Warning,Warning,0.0,0.0,0.0,1.0
942,21.1,5.79,38.6,31.84,8.6,9.87,Caution,Caution,0.995,0.0,0.0,0.005
650,33.82,16.11,41.33,30.28,6.22,9.29,Caution,Caution,1.0,0.0,0.0,0.0
399,342.23,182.88,23.28,28.81,8.36,8.69,Normal,Normal,0.0,1.0,0.0,0.0
1108,35.74,17.14,47.68,30.79,8.79,9.96,Caution,Caution,1.0,0.0,0.0,0.0
30,260.32,124.35,19.83,27.98,8.43,8.73,Normal,Normal,0.0,1.0,0.0,0.0
1494,19.58,24.44,134.75,33.17,5.97,3.8,Warning,Warning,0.0,0.0,0.0,1.0
2025,5.1,2.27,511.14,16.29,4.62,15.66,Severe,Severe,0.0,0.0,1.0,0.0
1714,14.51,5.68,60.46,32.45,9.15,11.66,Warning,Warning,0.0,0.0,0.0,1.0
1649,1510.7,765.78,88.65,22.12,9.03,10.6,Warning,Warning,0.0,0.0,0.0,1.0
1631,1508.5,955.98,80.85,32.01,9.18,11.9,Warning,Warning,0.045,0.0,0.0,0.955
7,404.12,236.26,16.96,25.7,7.86,5.8,Normal,Normal,0.0,1.0,0.0,0.0
783,22.16,10.73,25.64,24.64,6.01,9.34,Caution,Caution,0.99,0.0,0.0,0.01
495,284.85,139.57,5.73,25.72,7.36,8.82,Normal,Normal,0.0,1.0,0.0,0.0
795,33.94,18.49,49.43,30.95,8.92,4.39,Caution,Caution,1.0,0.0,0.0,0.0
1763,1312.31,681.93,138.58,21.42,9.08,2.35,Warning,Warning,0.0,0.0,0.0,1.0
182,247.03,128.77,23.7,26.74,8.4,5.36,Normal,Normal,0.0,1.0,0.0,0.0
1435,18.19,9.48,86.85,32.25,9.12,2.27,Warning,Warning,0.0,0.0,0.0,1.0
86,388.38,196.24,13.98,26.72,7.77,6.68,Normal,Normal,0.0,1.0,0.0,0.0
1060,570.09,324.67,26.43,31.28,8.51,4.52,Caution,Caution,0.99,0.01,0.0,0.0
1544,12.52,8.56,114.6,32.22,9.31,3.99,Warning,Warning,0.055,0.0,0.0,0.945
77,387.49,174.04,9.32,29.92,8.44,6.15,Normal,Normal,0.0,1.0,0.0,0.0
